Dimension,Function,Algorithm,Run,FinalError,FEterm,Reached
10,1,PDABC,1,1e-08,24996.0,True
10,1,PDABC,2,1e-08,25426.0,True
10,1,PDABC,3,1e-08,27318.0,True
10,1,PDABC,4,1e-08,26298.0,True
10,1,PDABC,5,1e-08,24776.0,True
10,1,PDABC,6,1e-08,24887.0,True
10,1,PDABC,7,1e-08,24474.0,True
10,1,PDABC,8,1e-08,25164.0,True
10,1,PDABC,9,1e-08,24769.0,True
10,1,PDABC,10,1e-08,22964.0,True
10,1,PDABC,11,1e-08,24219.0,True
10,1,PDABC,12,1e-08,25642.0,True
10,1,PDABC,13,1e-08,25349.0,True
10,1,PDABC,14,1e-08,24844.0,True
10,1,PDABC,15,1e-08,24601.0,True
10,1,PDABC,16,1e-08,23620.0,True
10,1,PDABC,17,1e-08,24538.0,True
10,1,PDABC,18,1e-08,24477.0,True
10,1,PDABC,19,1e-08,24572.0,True
10,1,PDABC,20,1e-08,24469.0,True
10,1,PDABC,21,1e-08,23655.0,True
10,1,PDABC,22,1e-08,25236.0,True
10,1,PDABC,23,1e-08,24980.0,True
10,1,PDABC,24,1e-08,25469.0,True
10,1,PDABC,25,1e-08,24156.0,True
10,1,PDABC,26,1e-08,25617.0,True
10,1,PDABC,27,1e-08,23805.0,True
10,1,PDABC,28,1e-08,25419.0,True
10,1,PDABC,29,1e-08,24497.0,True
10,1,PDABC,30,1e-08,24395.0,True
10,1,ABC,1,1e-08,114099.0,True
10,1,ABC,2,1e-08,106463.0,True
10,1,ABC,3,1e-08,187116.0,True
10,1,ABC,4,1e-08,103809.0,True
10,1,ABC,5,1e-08,115679.0,True
10,1,ABC,6,1e-08,133946.0,True
10,1,ABC,7,1e-08,143939.0,True
10,1,ABC,8,1e-08,131258.0,True
10,1,ABC,9,1e-08,99688.0,True
10,1,ABC,10,1e-08,157899.0,True
10,1,ABC,11,1e-08,107896.0,True
10,1,ABC,12,1e-08,137266.0,True
10,1,ABC,13,1e-08,179258.0,True
10,1,ABC,14,1e-08,126218.0,True
10,1,ABC,15,1e-08,148200.0,True
10,1,ABC,16,1e-08,167375.0,True
10,1,ABC,17,1e-08,133587.0,True
10,1,ABC,18,1e-08,125275.0,True
10,1,ABC,19,1e-08,129636.0,True
10,1,ABC,20,1e-08,106711.0,True
10,1,ABC,21,1e-08,102210.0,True
10,1,ABC,22,1e-08,122607.0,True
10,1,ABC,23,1e-08,116379.0,True
10,1,ABC,24,1e-08,111322.0,True
10,1,ABC,25,1e-08,126997.0,True
10,1,ABC,26,1e-08,140250.0,True
10,1,ABC,27,1e-08,117796.0,True
10,1,ABC,28,1e-08,143806.0,True
10,1,ABC,29,1e-08,103450.0,True
10,1,ABC,30,1e-08,104433.0,True
10,1,ZOCMAES,1,0.0,14643.0,True
10,1,ZOCMAES,2,1e-06,200000.0,False
10,1,ZOCMAES,3,0.0,16990.0,True
10,1,ZOCMAES,4,1e-06,200000.0,False
10,1,ZOCMAES,5,2e-06,200000.0,False
10,1,ZOCMAES,6,0.0,19953.0,True
10,1,ZOCMAES,7,0.0,14642.0,True
10,1,ZOCMAES,8,1e-06,200000.0,False
10,1,ZOCMAES,9,4e-06,200000.0,False
10,1,ZOCMAES,10,5e-06,200000.0,False
10,1,ZOCMAES,11,3e-06,200000.0,False
10,1,ZOCMAES,12,0.0,19498.0,True
10,1,ZOCMAES,13,0.0,28621.0,True
10,1,ZOCMAES,14,0.0,18560.0,True
10,1,ZOCMAES,15,1e-06,200000.0,False
10,1,ZOCMAES,16,0.0,20223.0,True
10,1,ZOCMAES,17,0.0,26616.0,True
10,1,ZOCMAES,18,0.0,23972.0,True
10,1,ZOCMAES,19,0.0,12939.0,True
10,1,ZOCMAES,20,0.0,13777.0,True
10,1,ZOCMAES,21,0.0,16533.0,True
10,1,ZOCMAES,22,0.0,24765.0,True
10,1,ZOCMAES,23,6e-06,200000.0,False
10,1,ZOCMAES,24,0.0,22001.0,True
10,1,ZOCMAES,25,0.0,25299.0,True
10,1,ZOCMAES,26,0.0,13363.0,True
10,1,ZOCMAES,27,0.0,23781.0,True
10,1,ZOCMAES,28,2e-06,200000.0,False
10,1,ZOCMAES,29,6e-06,200000.0,False
10,1,ZOCMAES,30,4e-06,200000.0,False
10,1,EA4eigN100_10,1,0.0,50238.0,True
10,1,EA4eigN100_10,2,0.0,50238.0,True
10,1,EA4eigN100_10,3,0.0,50238.0,True
10,1,EA4eigN100_10,4,0.0,50238.0,True
10,1,EA4eigN100_10,5,0.0,50238.0,True
10,1,EA4eigN100_10,6,0.0,50238.0,True
10,1,EA4eigN100_10,7,0.0,50238.0,True
10,1,EA4eigN100_10,8,0.0,50238.0,True
10,1,EA4eigN100_10,9,0.0,50238.0,True
10,1,EA4eigN100_10,10,0.0,50238.0,True
10,1,EA4eigN100_10,11,0.0,50238.0,True
10,1,EA4eigN100_10,12,0.0,50238.0,True
10,1,EA4eigN100_10,13,0.0,20000.0,True
10,1,EA4eigN100_10,14,0.0,50238.0,True
10,1,EA4eigN100_10,15,0.0,50238.0,True
10,1,EA4eigN100_10,16,0.0,50238.0,True
10,1,EA4eigN100_10,17,0.0,31698.0,True
10,1,EA4eigN100_10,18,0.0,50238.0,True
10,1,EA4eigN100_10,19,0.0,50238.0,True
10,1,EA4eigN100_10,20,0.0,31698.0,True
10,1,EA4eigN100_10,21,0.0,50238.0,True
10,1,EA4eigN100_10,22,0.0,50238.0,True
10,1,EA4eigN100_10,23,0.0,50238.0,True
10,1,EA4eigN100_10,24,0.0,50238.0,True
10,1,EA4eigN100_10,25,0.0,50238.0,True
10,1,EA4eigN100_10,26,0.0,50238.0,True
10,1,EA4eigN100_10,27,0.0,50238.0,True
10,1,EA4eigN100_10,28,0.0,50238.0,True
10,1,EA4eigN100_10,29,0.0,50238.0,True
10,1,EA4eigN100_10,30,0.0,31698.0,True
10,1,NL-SHADE-LBC,1,0.0,30707.0,True
10,1,NL-SHADE-LBC,2,0.0,30207.0,True
10,1,NL-SHADE-LBC,3,0.0,30615.0,True
10,1,NL-SHADE-LBC,4,0.0,31193.0,True
10,1,NL-SHADE-LBC,5,0.0,30592.0,True
10,1,NL-SHADE-LBC,6,0.0,30164.0,True
10,1,NL-SHADE-LBC,7,0.0,30298.0,True
10,1,NL-SHADE-LBC,8,0.0,30550.0,True
10,1,NL-SHADE-LBC,9,0.0,30372.0,True
10,1,NL-SHADE-LBC,10,0.0,30456.0,True
10,1,NL-SHADE-LBC,11,0.0,29648.0,True
10,1,NL-SHADE-LBC,12,0.0,30562.0,True
10,1,NL-SHADE-LBC,13,0.0,30667.0,True
10,1,NL-SHADE-LBC,14,0.0,30660.0,True
10,1,NL-SHADE-LBC,15,0.0,30380.0,True
10,1,NL-SHADE-LBC,16,0.0,30303.0,True
10,1,NL-SHADE-LBC,17,0.0,30879.0,True
10,1,NL-SHADE-LBC,18,0.0,30566.0,True
10,1,NL-SHADE-LBC,19,0.0,30893.0,True
10,1,NL-SHADE-LBC,20,0.0,31319.0,True
10,1,NL-SHADE-LBC,21,0.0,31007.0,True
10,1,NL-SHADE-LBC,22,0.0,30563.0,True
10,1,NL-SHADE-LBC,23,0.0,30524.0,True
10,1,NL-SHADE-LBC,24,0.0,29808.0,True
10,1,NL-SHADE-LBC,25,0.0,30859.0,True
10,1,NL-SHADE-LBC,26,0.0,30665.0,True
10,1,NL-SHADE-LBC,27,0.0,30458.0,True
10,1,NL-SHADE-LBC,28,0.0,30412.0,True
10,1,NL-SHADE-LBC,29,0.0,30764.0,True
10,1,NL-SHADE-LBC,30,0.0,30739.0,True
10,1,S_LSHADE_DP,1,0.0,126643.0,True
10,1,S_LSHADE_DP,2,0.0,125458.0,True
10,1,S_LSHADE_DP,3,0.0,127228.0,True
10,1,S_LSHADE_DP,4,0.0,127033.0,True
10,1,S_LSHADE_DP,5,0.0,125858.0,True
10,1,S_LSHADE_DP,6,0.0,126682.0,True
10,1,S_LSHADE_DP,7,0.0,126799.0,True
10,1,S_LSHADE_DP,8,0.0,127384.0,True
10,1,S_LSHADE_DP,9,0.0,126292.0,True
10,1,S_LSHADE_DP,10,0.0,126409.0,True
10,1,S_LSHADE_DP,11,0.0,125738.0,True
10,1,S_LSHADE_DP,12,0.0,127774.0,True
10,1,S_LSHADE_DP,13,0.0,127033.0,True
10,1,S_LSHADE_DP,14,0.0,127189.0,True
10,1,S_LSHADE_DP,15,0.0,126799.0,True
10,1,S_LSHADE_DP,16,0.0,126409.0,True
10,1,S_LSHADE_DP,17,0.0,125938.0,True
10,1,S_LSHADE_DP,18,0.0,123978.0,True
10,1,S_LSHADE_DP,19,0.0,126604.0,True
10,1,S_LSHADE_DP,20,0.0,126370.0,True
10,1,S_LSHADE_DP,21,0.0,125018.0,True
10,1,S_LSHADE_DP,22,0.0,126097.0,True
10,1,S_LSHADE_DP,23,0.0,125418.0,True
10,1,S_LSHADE_DP,24,0.0,125378.0,True
10,1,S_LSHADE_DP,25,0.0,124698.0,True
10,1,S_LSHADE_DP,26,0.0,126682.0,True
10,1,S_LSHADE_DP,27,0.0,126409.0,True
10,1,S_LSHADE_DP,28,0.0,126331.0,True
10,1,S_LSHADE_DP,29,0.0,126565.0,True
10,1,S_LSHADE_DP,30,0.0,126175.0,True
10,1,NL-SHADE-RSP-MID,1,0.0,63899.0,True
10,1,NL-SHADE-RSP-MID,2,0.0,73570.0,True
10,1,NL-SHADE-RSP-MID,3,0.0,57179.0,True
10,1,NL-SHADE-RSP-MID,4,0.0,62834.0,True
10,1,NL-SHADE-RSP-MID,5,0.0,60305.0,True
10,1,NL-SHADE-RSP-MID,6,0.0,56612.0,True
10,1,NL-SHADE-RSP-MID,7,0.0,60661.0,True
10,1,NL-SHADE-RSP-MID,8,0.0,74961.0,True
10,1,NL-SHADE-RSP-MID,9,0.0,68076.0,True
10,1,NL-SHADE-RSP-MID,10,0.0,69707.0,True
10,1,NL-SHADE-RSP-MID,11,0.0,67996.0,True
10,1,NL-SHADE-RSP-MID,12,0.0,65937.0,True
10,1,NL-SHADE-RSP-MID,13,0.0,65937.0,True
10,1,NL-SHADE-RSP-MID,14,0.0,60439.0,True
10,1,NL-SHADE-RSP-MID,15,0.0,61851.0,True
10,1,NL-SHADE-RSP-MID,16,0.0,67260.0,True
10,1,NL-SHADE-RSP-MID,17,0.0,65163.0,True
10,1,NL-SHADE-RSP-MID,18,0.0,63808.0,True
10,1,NL-SHADE-RSP-MID,19,0.0,71435.0,True
10,1,NL-SHADE-RSP-MID,20,0.0,63313.0,True
10,1,NL-SHADE-RSP-MID,21,0.0,61427.0,True
10,1,NL-SHADE-RSP-MID,22,0.0,74073.0,True
10,1,NL-SHADE-RSP-MID,23,0.0,60077.0,True
10,1,NL-SHADE-RSP-MID,24,0.0,63703.0,True
10,1,NL-SHADE-RSP-MID,25,0.0,65182.0,True
10,1,NL-SHADE-RSP-MID,26,0.0,62379.0,True
10,1,NL-SHADE-RSP-MID,27,0.0,60975.0,True
10,1,NL-SHADE-RSP-MID,28,0.0,66902.0,True
10,1,NL-SHADE-RSP-MID,29,0.0,61266.0,True
10,1,NL-SHADE-RSP-MID,30,0.0,63003.0,True
10,1,Co-PPSO,1,0.0,50238.0,True
10,1,Co-PPSO,2,0.0,50238.0,True
10,1,Co-PPSO,3,0.0,50238.0,True
10,1,Co-PPSO,4,0.0,50238.0,True
10,1,Co-PPSO,5,0.0,50238.0,True
10,1,Co-PPSO,6,0.0,50238.0,True
10,1,Co-PPSO,7,0.0,50238.0,True
10,1,Co-PPSO,8,0.0,50238.0,True
10,1,Co-PPSO,9,0.0,79622.0,True
10,1,Co-PPSO,10,0.0,50238.0,True
10,1,Co-PPSO,11,0.0,50238.0,True
10,1,Co-PPSO,12,0.0,50238.0,True
10,1,Co-PPSO,13,0.0,50238.0,True
10,1,Co-PPSO,14,0.0,50238.0,True
10,1,Co-PPSO,15,0.0,50238.0,True
10,1,Co-PPSO,16,0.0,50238.0,True
10,1,Co-PPSO,17,0.0,50238.0,True
10,1,Co-PPSO,18,0.0,50238.0,True
10,1,Co-PPSO,19,0.0,50238.0,True
10,1,Co-PPSO,20,0.0,50238.0,True
10,1,Co-PPSO,21,0.0,50238.0,True
10,1,Co-PPSO,22,0.0,50238.0,True
10,1,Co-PPSO,23,0.0,50238.0,True
10,1,Co-PPSO,24,0.0,50238.0,True
10,1,Co-PPSO,25,0.0,50238.0,True
10,1,Co-PPSO,26,0.0,50238.0,True
10,1,Co-PPSO,27,0.0,50238.0,True
10,1,Co-PPSO,28,0.0,50238.0,True
10,1,Co-PPSO,29,0.0,50238.0,True
10,1,Co-PPSO,30,0.0,50238.0,True
10,1,NLSOMACLP,1,0.0,115090.0,True
10,1,NLSOMACLP,2,0.0,123320.0,True
10,1,NLSOMACLP,3,0.0,120284.0,True
10,1,NLSOMACLP,4,0.0,113474.0,True
10,1,NLSOMACLP,5,0.0,112527.0,True
10,1,NLSOMACLP,6,0.0,120185.0,True
10,1,NLSOMACLP,7,0.0,116380.0,True
10,1,NLSOMACLP,8,0.0,112602.0,True
10,1,NLSOMACLP,9,0.0,114157.0,True
10,1,NLSOMACLP,10,0.0,114165.0,True
10,1,NLSOMACLP,11,0.0,114442.0,True
10,1,NLSOMACLP,12,0.0,115510.0,True
10,1,NLSOMACLP,13,0.0,112125.0,True
10,1,NLSOMACLP,14,0.0,120989.0,True
10,1,NLSOMACLP,15,0.0,116177.0,True
10,1,NLSOMACLP,16,0.0,115197.0,True
10,1,NLSOMACLP,17,0.0,120460.0,True
10,1,NLSOMACLP,18,0.0,123375.0,True
10,1,NLSOMACLP,19,0.0,120996.0,True
10,1,NLSOMACLP,20,0.0,118967.0,True
10,1,NLSOMACLP,21,0.0,109477.0,True
10,1,NLSOMACLP,22,0.0,118245.0,True
10,1,NLSOMACLP,23,0.0,113132.0,True
10,1,NLSOMACLP,24,0.0,129046.0,True
10,1,NLSOMACLP,25,0.0,118668.0,True
10,1,NLSOMACLP,26,0.0,113819.0,True
10,1,NLSOMACLP,27,0.0,117341.0,True
10,1,NLSOMACLP,28,0.0,115891.0,True
10,1,NLSOMACLP,29,0.0,116385.0,True
10,1,NLSOMACLP,30,0.0,122308.0,True
10,2,PDABC,1,0.020912915066617188,200000.0,False
10,2,PDABC,2,0.003917446655009371,200000.0,False
10,2,PDABC,3,8.979251958862733e-06,200000.0,False
10,2,PDABC,4,0.004830551294332963,200000.0,False
10,2,PDABC,5,7.433962207414879e-05,200000.0,False
10,2,PDABC,6,0.0024506536841499837,200000.0,False
10,2,PDABC,7,0.00011727731020982901,200000.0,False
10,2,PDABC,8,4.96272036798473e-08,200000.0,False
10,2,PDABC,9,0.0011149447143452562,200000.0,False
10,2,PDABC,10,1.967890739251743e-08,200000.0,False
10,2,PDABC,11,0.0027416452945203673,200000.0,False
10,2,PDABC,12,9.757098951013177e-08,200000.0,False
10,2,PDABC,13,0.14022657433235963,200000.0,False
10,2,PDABC,14,1e-08,121295.0,True
10,2,PDABC,15,0.0833130046442534,200000.0,False
10,2,PDABC,16,1e-08,141991.0,True
10,2,PDABC,17,0.03816980668261749,200000.0,False
10,2,PDABC,18,0.0031468499133779915,200000.0,False
10,2,PDABC,19,0.00045459262298663816,200000.0,False
10,2,PDABC,20,2.072425786536769e-08,200000.0,False
10,2,PDABC,21,2.627641151775606e-06,200000.0,False
10,2,PDABC,22,9.891526451610844e-05,200000.0,False
10,2,PDABC,23,1.4407580238184892e-05,200000.0,False
10,2,PDABC,24,0.0003767933351355168,200000.0,False
10,2,PDABC,25,0.004706118325429998,200000.0,False
10,2,PDABC,26,0.00012441161197784822,200000.0,False
10,2,PDABC,27,0.005201935703041727,200000.0,False
10,2,PDABC,28,0.0007517598017443561,200000.0,False
10,2,PDABC,29,9.533869956612762e-06,200000.0,False
10,2,PDABC,30,0.010917443941650617,200000.0,False
10,2,ABC,1,0.0426689207,200000.0,False
10,2,ABC,2,0.0223697458,200000.0,False
10,2,ABC,3,0.00882551992,200000.0,False
10,2,ABC,4,0.0110562622,200000.0,False
10,2,ABC,5,0.0118928009,200000.0,False
10,2,ABC,6,0.0185703812,200000.0,False
10,2,ABC,7,0.00646502013,200000.0,False
10,2,ABC,8,0.0179040317,200000.0,False
10,2,ABC,9,0.038589408,200000.0,False
10,2,ABC,10,0.014720491,200000.0,False
10,2,ABC,11,0.0486089576,200000.0,False
10,2,ABC,12,0.0269770954,200000.0,False
10,2,ABC,13,0.008254175,200000.0,False
10,2,ABC,14,0.0175863576,200000.0,False
10,2,ABC,15,0.00531904034,200000.0,False
10,2,ABC,16,0.0323859495,200000.0,False
10,2,ABC,17,0.00820281261,200000.0,False
10,2,ABC,18,0.0277883267,200000.0,False
10,2,ABC,19,0.0597668442,200000.0,False
10,2,ABC,20,0.0174103891,200000.0,False
10,2,ABC,21,0.0219884268,200000.0,False
10,2,ABC,22,0.0167348823,200000.0,False
10,2,ABC,23,0.0449161323,200000.0,False
10,2,ABC,24,0.0198983333,200000.0,False
10,2,ABC,25,0.0128895313,200000.0,False
10,2,ABC,26,0.0149740169,200000.0,False
10,2,ABC,27,0.0356765733,200000.0,False
10,2,ABC,28,0.0297139859,200000.0,False
10,2,ABC,29,0.0743124113,200000.0,False
10,2,ABC,30,0.0153977717,200000.0,False
10,2,ZOCMAES,1,0.0,23699.0,True
10,2,ZOCMAES,2,0.0,30125.0,True
10,2,ZOCMAES,3,3.989986,200000.0,False
10,2,ZOCMAES,4,0.0,30594.0,True
10,2,ZOCMAES,5,0.0,44486.0,True
10,2,ZOCMAES,6,8.798013,200000.0,False
10,2,ZOCMAES,7,1e-06,200000.0,False
10,2,ZOCMAES,8,8.79791,200000.0,False
10,2,ZOCMAES,9,3.986579,200000.0,False
10,2,ZOCMAES,10,0.0,22204.0,True
10,2,ZOCMAES,11,0.0,41565.0,True
10,2,ZOCMAES,12,2.5e-05,200000.0,False
10,2,ZOCMAES,13,3.986579,200000.0,False
10,2,ZOCMAES,14,0.0,33413.0,True
10,2,ZOCMAES,15,0.0,24935.0,True
10,2,ZOCMAES,16,0.002888,200000.0,False
10,2,ZOCMAES,17,0.0,21264.0,True
10,2,ZOCMAES,18,3.986579,200000.0,False
10,2,ZOCMAES,19,3.986579,200000.0,False
10,2,ZOCMAES,20,0.0,28088.0,True
10,2,ZOCMAES,21,2e-06,200000.0,False
10,2,ZOCMAES,22,0.0,29600.0,True
10,2,ZOCMAES,23,0.0,27489.0,True
10,2,ZOCMAES,24,8.79824,200000.0,False
10,2,ZOCMAES,25,0.0,25977.0,True
10,2,ZOCMAES,26,0.0,31592.0,True
10,2,ZOCMAES,27,8.798025,200000.0,False
10,2,ZOCMAES,28,0.0,30298.0,True
10,2,ZOCMAES,29,0.0,22729.0,True
10,2,ZOCMAES,30,0.0,28735.0,True
10,2,EA4eigN100_10,1,0.0,50238.0,True
10,2,EA4eigN100_10,2,0.0,31698.0,True
10,2,EA4eigN100_10,3,0.0,50238.0,True
10,2,EA4eigN100_10,4,0.0,50238.0,True
10,2,EA4eigN100_10,5,0.0,126192.0,True
10,2,EA4eigN100_10,6,0.0,50238.0,True
10,2,EA4eigN100_10,7,0.0,50238.0,True
10,2,EA4eigN100_10,8,0.0,50238.0,True
10,2,EA4eigN100_10,9,0.0,50238.0,True
10,2,EA4eigN100_10,10,0.0,126192.0,True
10,2,EA4eigN100_10,11,0.0,50238.0,True
10,2,EA4eigN100_10,12,0.0,50238.0,True
10,2,EA4eigN100_10,13,0.0,50238.0,True
10,2,EA4eigN100_10,14,0.0,50238.0,True
10,2,EA4eigN100_10,15,0.0,50238.0,True
10,2,EA4eigN100_10,16,0.0,50238.0,True
10,2,EA4eigN100_10,17,0.0,50238.0,True
10,2,EA4eigN100_10,18,0.0,50238.0,True
10,2,EA4eigN100_10,19,0.0,79622.0,True
10,2,EA4eigN100_10,20,3.9865791,200000.0,False
10,2,EA4eigN100_10,21,3.9865791,200000.0,False
10,2,EA4eigN100_10,22,3.9865791,200000.0,False
10,2,EA4eigN100_10,23,3.9865791,200000.0,False
10,2,EA4eigN100_10,24,3.9865791,200000.0,False
10,2,EA4eigN100_10,25,3.9865791,200000.0,False
10,2,EA4eigN100_10,26,3.9865791,200000.0,False
10,2,EA4eigN100_10,27,3.9865791,200000.0,False
10,2,EA4eigN100_10,28,3.9865791,200000.0,False
10,2,EA4eigN100_10,29,3.9865791,200000.0,False
10,2,EA4eigN100_10,30,3.9865791,200000.0,False
10,2,NL-SHADE-LBC,1,0.0,30876.0,True
10,2,NL-SHADE-LBC,2,0.0,29895.0,True
10,2,NL-SHADE-LBC,3,0.0,30954.0,True
10,2,NL-SHADE-LBC,4,0.0,30203.0,True
10,2,NL-SHADE-LBC,5,0.0,34752.0,True
10,2,NL-SHADE-LBC,6,0.0,30025.0,True
10,2,NL-SHADE-LBC,7,0.0,29979.0,True
10,2,NL-SHADE-LBC,8,0.0,32528.0,True
10,2,NL-SHADE-LBC,9,0.0,29516.0,True
10,2,NL-SHADE-LBC,10,0.0,29992.0,True
10,2,NL-SHADE-LBC,11,0.0,35872.0,True
10,2,NL-SHADE-LBC,12,0.0,30785.0,True
10,2,NL-SHADE-LBC,13,0.0,31443.0,True
10,2,NL-SHADE-LBC,14,0.0,31519.0,True
10,2,NL-SHADE-LBC,15,0.0,35276.0,True
10,2,NL-SHADE-LBC,16,0.0,31047.0,True
10,2,NL-SHADE-LBC,17,0.0,33267.0,True
10,2,NL-SHADE-LBC,18,0.0,32034.0,True
10,2,NL-SHADE-LBC,19,0.0,30489.0,True
10,2,NL-SHADE-LBC,20,0.0,29427.0,True
10,2,NL-SHADE-LBC,21,0.0,30560.0,True
10,2,NL-SHADE-LBC,22,0.0,32625.0,True
10,2,NL-SHADE-LBC,23,0.0,33987.0,True
10,2,NL-SHADE-LBC,24,0.0,28955.0,True
10,2,NL-SHADE-LBC,25,3.98658,200000.0,False
10,2,NL-SHADE-LBC,26,0.0,29375.0,True
10,2,NL-SHADE-LBC,27,0.0,29639.0,True
10,2,NL-SHADE-LBC,28,0.0,31751.0,True
10,2,NL-SHADE-LBC,29,0.0,30217.0,True
10,2,NL-SHADE-LBC,30,0.0,32592.0,True
10,2,S_LSHADE_DP,1,0.0,132146.0,True
10,2,S_LSHADE_DP,2,0.0,133630.0,True
10,2,S_LSHADE_DP,3,0.0,137432.0,True
10,2,S_LSHADE_DP,4,0.0,130815.0,True
10,2,S_LSHADE_DP,5,0.0,136827.0,True
10,2,S_LSHADE_DP,6,0.0,137672.0,True
10,2,S_LSHADE_DP,7,0.0,143513.0,True
10,2,S_LSHADE_DP,8,0.0,131143.0,True
10,2,S_LSHADE_DP,9,0.0,133696.0,True
10,2,S_LSHADE_DP,10,0.0,141633.0,True
10,2,S_LSHADE_DP,11,0.0,133264.0,True
10,2,S_LSHADE_DP,12,0.0,146478.0,True
10,2,S_LSHADE_DP,13,0.0,134625.0,True
10,2,S_LSHADE_DP,14,0.0,136964.0,True
10,2,S_LSHADE_DP,15,0.0,134127.0,True
10,2,S_LSHADE_DP,16,0.0,131069.0,True
10,2,S_LSHADE_DP,17,0.0,133594.0,True
10,2,S_LSHADE_DP,18,0.0,133227.0,True
10,2,S_LSHADE_DP,19,0.0,133198.0,True
10,2,S_LSHADE_DP,20,0.0,133552.0,True
10,2,S_LSHADE_DP,21,0.0,135501.0,True
10,2,S_LSHADE_DP,22,0.0,131254.0,True
10,2,S_LSHADE_DP,23,0.0,135465.0,True
10,2,S_LSHADE_DP,24,0.0,128319.0,True
10,2,S_LSHADE_DP,25,0.0,129382.0,True
10,2,S_LSHADE_DP,26,0.0,134094.0,True
10,2,S_LSHADE_DP,27,0.0,139484.0,True
10,2,S_LSHADE_DP,28,0.0,131552.0,True
10,2,S_LSHADE_DP,29,0.0,133626.0,True
10,2,S_LSHADE_DP,30,0.0,136205.0,True
10,2,NL-SHADE-RSP-MID,1,0.0,71830.0,True
10,2,NL-SHADE-RSP-MID,2,0.0,57496.0,True
10,2,NL-SHADE-RSP-MID,3,0.0,97018.0,True
10,2,NL-SHADE-RSP-MID,4,0.0,71508.0,True
10,2,NL-SHADE-RSP-MID,5,0.0,69429.0,True
10,2,NL-SHADE-RSP-MID,6,0.0,62048.0,True
10,2,NL-SHADE-RSP-MID,7,0.0,70719.0,True
10,2,NL-SHADE-RSP-MID,8,0.0,79723.0,True
10,2,NL-SHADE-RSP-MID,9,0.0,66558.0,True
10,2,NL-SHADE-RSP-MID,10,0.0,71007.0,True
10,2,NL-SHADE-RSP-MID,11,0.0,64539.0,True
10,2,NL-SHADE-RSP-MID,12,0.0,78363.0,True
10,2,NL-SHADE-RSP-MID,13,0.0,85279.0,True
10,2,NL-SHADE-RSP-MID,14,0.0,62191.0,True
10,2,NL-SHADE-RSP-MID,15,0.0,71753.0,True
10,2,NL-SHADE-RSP-MID,16,0.0,74707.0,True
10,2,NL-SHADE-RSP-MID,17,0.0,69956.0,True
10,2,NL-SHADE-RSP-MID,18,0.0,52837.0,True
10,2,NL-SHADE-RSP-MID,19,0.0,65748.0,True
10,2,NL-SHADE-RSP-MID,20,0.0,68138.0,True
10,2,NL-SHADE-RSP-MID,21,0.0,79003.0,True
10,2,NL-SHADE-RSP-MID,22,0.0,68494.0,True
10,2,NL-SHADE-RSP-MID,23,0.0,64645.0,True
10,2,NL-SHADE-RSP-MID,24,0.0,67558.0,True
10,2,NL-SHADE-RSP-MID,25,0.0,65279.0,True
10,2,NL-SHADE-RSP-MID,26,0.0,64885.0,True
10,2,NL-SHADE-RSP-MID,27,0.0,63058.0,True
10,2,NL-SHADE-RSP-MID,28,0.0,72829.0,True
10,2,NL-SHADE-RSP-MID,29,0.0,69804.0,True
10,2,NL-SHADE-RSP-MID,30,0.0,98212.0,True
10,2,Co-PPSO,1,4.5189065,200000.0,False
10,2,Co-PPSO,2,0.00028614994,200000.0,False
10,2,Co-PPSO,3,0.00014612859,200000.0,False
10,2,Co-PPSO,4,0.00022230178,200000.0,False
10,2,Co-PPSO,5,0.00027196709,200000.0,False
10,2,Co-PPSO,6,0.0071528881,200000.0,False
10,2,Co-PPSO,7,0.00038403906,200000.0,False
10,2,Co-PPSO,8,3.9868944,200000.0,False
10,2,Co-PPSO,9,0.0001066813,200000.0,False
10,2,Co-PPSO,10,0.0007501276,200000.0,False
10,2,Co-PPSO,11,3.9869184,200000.0,False
10,2,Co-PPSO,12,0.0020247488,200000.0,False
10,2,Co-PPSO,13,7.7279899e-06,200000.0,False
10,2,Co-PPSO,14,0.00047735686,200000.0,False
10,2,Co-PPSO,15,6.8208992e-05,200000.0,False
10,2,Co-PPSO,16,3.9866379,200000.0,False
10,2,Co-PPSO,17,3.9867038,200000.0,False
10,2,Co-PPSO,18,1.2514813e-05,200000.0,False
10,2,Co-PPSO,19,3.9867063,200000.0,False
10,2,Co-PPSO,20,0.13241522,200000.0,False
10,2,Co-PPSO,21,0.096298659,200000.0,False
10,2,Co-PPSO,22,3.9868059,200000.0,False
10,2,Co-PPSO,23,0.00085839521,200000.0,False
10,2,Co-PPSO,24,5.5667804e-06,200000.0,False
10,2,Co-PPSO,25,9.0358517,200000.0,False
10,2,Co-PPSO,26,4.7039898,200000.0,False
10,2,Co-PPSO,27,0.0002359085,200000.0,False
10,2,Co-PPSO,28,3.9870117,200000.0,False
10,2,Co-PPSO,29,4.48332,200000.0,False
10,2,Co-PPSO,30,0.0013892897,200000.0,False
10,2,NLSOMACLP,1,0.000712984028,200000.0,False
10,2,NLSOMACLP,2,0.125205893,200000.0,False
10,2,NLSOMACLP,3,0.00320176493,200000.0,False
10,2,NLSOMACLP,4,0.0122741337,200000.0,False
10,2,NLSOMACLP,5,0.061991869,200000.0,False
10,2,NLSOMACLP,6,0.068348384,200000.0,False
10,2,NLSOMACLP,7,0.00499272113,200000.0,False
10,2,NLSOMACLP,8,0.0496176724,200000.0,False
10,2,NLSOMACLP,9,0.0181794223,200000.0,False
10,2,NLSOMACLP,10,0.00458479369,200000.0,False
10,2,NLSOMACLP,11,0.160183327,200000.0,False
10,2,NLSOMACLP,12,0.000279122152,200000.0,False
10,2,NLSOMACLP,13,0.0764905648,200000.0,False
10,2,NLSOMACLP,14,0.107122451,200000.0,False
10,2,NLSOMACLP,15,0.0398036677,200000.0,False
10,2,NLSOMACLP,16,0.109998327,200000.0,False
10,2,NLSOMACLP,17,0.0266001456,200000.0,False
10,2,NLSOMACLP,18,0.225246998,200000.0,False
10,2,NLSOMACLP,19,0.104989863,200000.0,False
10,2,NLSOMACLP,20,0.0442632353,200000.0,False
10,2,NLSOMACLP,21,0.0575548005,200000.0,False
10,2,NLSOMACLP,22,0.072730114,200000.0,False
10,2,NLSOMACLP,23,0.0868736786,200000.0,False
10,2,NLSOMACLP,24,0.214368066,200000.0,False
10,2,NLSOMACLP,25,0.0200092093,200000.0,False
10,2,NLSOMACLP,26,0.217808803,200000.0,False
10,2,NLSOMACLP,27,0.000807409274,200000.0,False
10,2,NLSOMACLP,28,0.00599941637,200000.0,False
10,2,NLSOMACLP,29,0.146922647,200000.0,False
10,2,NLSOMACLP,30,0.000850233869,200000.0,False
10,3,PDABC,1,1e-08,8860.0,True
10,3,PDABC,2,1e-08,9339.0,True
10,3,PDABC,3,1e-08,9275.0,True
10,3,PDABC,4,1e-08,9288.0,True
10,3,PDABC,5,1e-08,9571.0,True
10,3,PDABC,6,1e-08,10079.0,True
10,3,PDABC,7,1e-08,9665.0,True
10,3,PDABC,8,1e-08,8890.0,True
10,3,PDABC,9,1e-08,9656.0,True
10,3,PDABC,10,1e-08,9466.0,True
10,3,PDABC,11,1e-08,8891.0,True
10,3,PDABC,12,1e-08,8382.0,True
10,3,PDABC,13,1e-08,9191.0,True
10,3,PDABC,14,1e-08,9688.0,True
10,3,PDABC,15,1e-08,8800.0,True
10,3,PDABC,16,1e-08,9405.0,True
10,3,PDABC,17,1e-08,9098.0,True
10,3,PDABC,18,1e-08,9197.0,True
10,3,PDABC,19,1e-08,9539.0,True
10,3,PDABC,20,1e-08,8590.0,True
10,3,PDABC,21,1e-08,9102.0,True
10,3,PDABC,22,1e-08,9678.0,True
10,3,PDABC,23,1e-08,8790.0,True
10,3,PDABC,24,1e-08,9418.0,True
10,3,PDABC,25,1e-08,9350.0,True
10,3,PDABC,26,1e-08,9992.0,True
10,3,PDABC,27,1e-08,9622.0,True
10,3,PDABC,28,1e-08,8927.0,True
10,3,PDABC,29,1e-08,9085.0,True
10,3,PDABC,30,1e-08,8965.0,True
10,3,ABC,1,1e-08,8848.0,True
10,3,ABC,2,1e-08,9165.0,True
10,3,ABC,3,1e-08,9282.0,True
10,3,ABC,4,1e-08,9045.0,True
10,3,ABC,5,1e-08,9330.0,True
10,3,ABC,6,1e-08,9516.0,True
10,3,ABC,7,1e-08,10573.0,True
10,3,ABC,8,1e-08,9957.0,True
10,3,ABC,9,1e-08,9886.0,True
10,3,ABC,10,1e-08,10189.0,True
10,3,ABC,11,1e-08,9272.0,True
10,3,ABC,12,1e-08,8521.0,True
10,3,ABC,13,1e-08,9501.0,True
10,3,ABC,14,1e-08,10773.0,True
10,3,ABC,15,1e-08,8696.0,True
10,3,ABC,16,1e-08,10656.0,True
10,3,ABC,17,1e-08,10303.0,True
10,3,ABC,18,1e-08,9059.0,True
10,3,ABC,19,1e-08,9005.0,True
10,3,ABC,20,1e-08,8367.0,True
10,3,ABC,21,1e-08,9256.0,True
10,3,ABC,22,1e-08,8114.0,True
10,3,ABC,23,1e-08,9110.0,True
10,3,ABC,24,1e-08,9631.0,True
10,3,ABC,25,1e-08,9628.0,True
10,3,ABC,26,1e-08,9852.0,True
10,3,ABC,27,1e-08,8909.0,True
10,3,ABC,28,1e-08,9765.0,True
10,3,ABC,29,1e-08,9557.0,True
10,3,ABC,30,1e-08,10782.0,True
10,3,ZOCMAES,1,0.001677,200000.0,False
10,3,ZOCMAES,2,0.007762,200000.0,False
10,3,ZOCMAES,3,0.508465,200000.0,False
10,3,ZOCMAES,4,0.223557,200000.0,False
10,3,ZOCMAES,5,0.000634,200000.0,False
10,3,ZOCMAES,6,1.1e-05,200000.0,False
10,3,ZOCMAES,7,0.254944,200000.0,False
10,3,ZOCMAES,8,0.001494,200000.0,False
10,3,ZOCMAES,9,1.984393,200000.0,False
10,3,ZOCMAES,10,0.004046,200000.0,False
10,3,ZOCMAES,11,0.064358,200000.0,False
10,3,ZOCMAES,12,2.3e-05,200000.0,False
10,3,ZOCMAES,13,0.17663,200000.0,False
10,3,ZOCMAES,14,0.005104,200000.0,False
10,3,ZOCMAES,15,0.009426,200000.0,False
10,3,ZOCMAES,16,1.535959,200000.0,False
10,3,ZOCMAES,17,1.603338,200000.0,False
10,3,ZOCMAES,18,0.445331,200000.0,False
10,3,ZOCMAES,19,1.1e-05,200000.0,False
10,3,ZOCMAES,20,3.133847,200000.0,False
10,3,ZOCMAES,21,0.341641,200000.0,False
10,3,ZOCMAES,22,0.400482,200000.0,False
10,3,ZOCMAES,23,0.015293,200000.0,False
10,3,ZOCMAES,24,0.004518,200000.0,False
10,3,ZOCMAES,25,0.000105,200000.0,False
10,3,ZOCMAES,26,0.0913,200000.0,False
10,3,ZOCMAES,27,5.671188,200000.0,False
10,3,ZOCMAES,28,0.815128,200000.0,False
10,3,ZOCMAES,29,1.550444,200000.0,False
10,3,ZOCMAES,30,2.722534,200000.0,False
10,3,EA4eigN100_10,1,0.0,79622.0,True
10,3,EA4eigN100_10,2,0.0,126192.0,True
10,3,EA4eigN100_10,3,0.0,79622.0,True
10,3,EA4eigN100_10,4,0.0,79622.0,True
10,3,EA4eigN100_10,5,0.0,79622.0,True
10,3,EA4eigN100_10,6,0.0,79622.0,True
10,3,EA4eigN100_10,7,0.0,79622.0,True
10,3,EA4eigN100_10,8,0.0,79622.0,True
10,3,EA4eigN100_10,9,0.0,79622.0,True
10,3,EA4eigN100_10,10,0.0,126192.0,True
10,3,EA4eigN100_10,11,0.0,79622.0,True
10,3,EA4eigN100_10,12,0.0,79622.0,True
10,3,EA4eigN100_10,13,0.0,79622.0,True
10,3,EA4eigN100_10,14,0.0,79622.0,True
10,3,EA4eigN100_10,15,0.0,79622.0,True
10,3,EA4eigN100_10,16,0.0,79622.0,True
10,3,EA4eigN100_10,17,0.0,79622.0,True
10,3,EA4eigN100_10,18,0.0,126192.0,True
10,3,EA4eigN100_10,19,0.0,79622.0,True
10,3,EA4eigN100_10,20,0.0,79622.0,True
10,3,EA4eigN100_10,21,0.0,79622.0,True
10,3,EA4eigN100_10,22,0.0,79622.0,True
10,3,EA4eigN100_10,23,0.0,79622.0,True
10,3,EA4eigN100_10,24,0.0,79622.0,True
10,3,EA4eigN100_10,25,0.0,79622.0,True
10,3,EA4eigN100_10,26,0.0,79622.0,True
10,3,EA4eigN100_10,27,0.0,126192.0,True
10,3,EA4eigN100_10,28,0.0,79622.0,True
10,3,EA4eigN100_10,29,0.0,79622.0,True
10,3,EA4eigN100_10,30,0.0,79622.0,True
10,3,NL-SHADE-LBC,1,0.0,53161.0,True
10,3,NL-SHADE-LBC,2,0.0,53150.0,True
10,3,NL-SHADE-LBC,3,0.0,55227.0,True
10,3,NL-SHADE-LBC,4,0.0,53958.0,True
10,3,NL-SHADE-LBC,5,0.0,55578.0,True
10,3,NL-SHADE-LBC,6,0.0,53830.0,True
10,3,NL-SHADE-LBC,7,0.0,54146.0,True
10,3,NL-SHADE-LBC,8,0.0,53562.0,True
10,3,NL-SHADE-LBC,9,0.0,54026.0,True
10,3,NL-SHADE-LBC,10,0.0,53929.0,True
10,3,NL-SHADE-LBC,11,0.0,54638.0,True
10,3,NL-SHADE-LBC,12,0.0,53436.0,True
10,3,NL-SHADE-LBC,13,0.0,53349.0,True
10,3,NL-SHADE-LBC,14,0.0,53111.0,True
10,3,NL-SHADE-LBC,15,0.0,52921.0,True
10,3,NL-SHADE-LBC,16,0.0,53715.0,True
10,3,NL-SHADE-LBC,17,0.0,53234.0,True
10,3,NL-SHADE-LBC,18,0.0,53864.0,True
10,3,NL-SHADE-LBC,19,0.0,53251.0,True
10,3,NL-SHADE-LBC,20,0.0,53855.0,True
10,3,NL-SHADE-LBC,21,0.0,52023.0,True
10,3,NL-SHADE-LBC,22,0.0,54282.0,True
10,3,NL-SHADE-LBC,23,0.0,53999.0,True
10,3,NL-SHADE-LBC,24,0.0,53475.0,True
10,3,NL-SHADE-LBC,25,0.0,53154.0,True
10,3,NL-SHADE-LBC,26,0.0,52791.0,True
10,3,NL-SHADE-LBC,27,0.0,54002.0,True
10,3,NL-SHADE-LBC,28,0.0,53219.0,True
10,3,NL-SHADE-LBC,29,0.0,53149.0,True
10,3,NL-SHADE-LBC,30,0.0,52583.0,True
10,3,S_LSHADE_DP,1,0.0,90048.0,True
10,3,S_LSHADE_DP,2,0.0,89535.0,True
10,3,S_LSHADE_DP,3,0.0,88851.0,True
10,3,S_LSHADE_DP,4,0.0,88044.0,True
10,3,S_LSHADE_DP,5,0.0,92857.0,True
10,3,S_LSHADE_DP,6,0.0,92635.0,True
10,3,S_LSHADE_DP,7,0.0,88737.0,True
10,3,S_LSHADE_DP,8,0.0,92187.0,True
10,3,S_LSHADE_DP,9,0.0,91235.0,True
10,3,S_LSHADE_DP,10,0.0,90276.0,True
10,3,S_LSHADE_DP,11,0.0,87696.0,True
10,3,S_LSHADE_DP,12,0.0,89592.0,True
10,3,S_LSHADE_DP,13,0.0,90276.0,True
10,3,S_LSHADE_DP,14,0.0,88392.0,True
10,3,S_LSHADE_DP,15,0.0,91571.0,True
10,3,S_LSHADE_DP,16,0.0,86768.0,True
10,3,S_LSHADE_DP,17,0.0,92467.0,True
10,3,S_LSHADE_DP,18,0.0,87348.0,True
10,3,S_LSHADE_DP,19,0.0,90561.0,True
10,3,S_LSHADE_DP,20,0.0,89820.0,True
10,3,S_LSHADE_DP,21,0.0,88680.0,True
10,3,S_LSHADE_DP,22,0.0,91403.0,True
10,3,S_LSHADE_DP,23,0.0,88908.0,True
10,3,S_LSHADE_DP,24,0.0,89136.0,True
10,3,S_LSHADE_DP,25,0.0,91739.0,True
10,3,S_LSHADE_DP,26,0.0,91011.0,True
10,3,S_LSHADE_DP,27,0.0,89307.0,True
10,3,S_LSHADE_DP,28,0.0,91907.0,True
10,3,S_LSHADE_DP,29,0.0,89307.0,True
10,3,S_LSHADE_DP,30,0.0,88392.0,True
10,3,NL-SHADE-RSP-MID,1,0.0,35461.0,True
10,3,NL-SHADE-RSP-MID,2,0.0,34839.0,True
10,3,NL-SHADE-RSP-MID,3,0.0,34353.0,True
10,3,NL-SHADE-RSP-MID,4,0.0,36691.0,True
10,3,NL-SHADE-RSP-MID,5,0.0,35473.0,True
10,3,NL-SHADE-RSP-MID,6,0.0,34629.0,True
10,3,NL-SHADE-RSP-MID,7,0.0,36643.0,True
10,3,NL-SHADE-RSP-MID,8,0.0,36501.0,True
10,3,NL-SHADE-RSP-MID,9,0.0,36006.0,True
10,3,NL-SHADE-RSP-MID,10,0.0,36530.0,True
10,3,NL-SHADE-RSP-MID,11,0.0,36127.0,True
10,3,NL-SHADE-RSP-MID,12,0.0,37073.0,True
10,3,NL-SHADE-RSP-MID,13,0.0,36756.0,True
10,3,NL-SHADE-RSP-MID,14,0.0,36319.0,True
10,3,NL-SHADE-RSP-MID,15,0.0,36188.0,True
10,3,NL-SHADE-RSP-MID,16,0.0,34651.0,True
10,3,NL-SHADE-RSP-MID,17,0.0,34881.0,True
10,3,NL-SHADE-RSP-MID,18,0.0,35800.0,True
10,3,NL-SHADE-RSP-MID,19,0.0,34342.0,True
10,3,NL-SHADE-RSP-MID,20,0.0,35975.0,True
10,3,NL-SHADE-RSP-MID,21,0.0,35789.0,True
10,3,NL-SHADE-RSP-MID,22,0.0,35166.0,True
10,3,NL-SHADE-RSP-MID,23,0.0,35014.0,True
10,3,NL-SHADE-RSP-MID,24,0.0,36038.0,True
10,3,NL-SHADE-RSP-MID,25,0.0,36064.0,True
10,3,NL-SHADE-RSP-MID,26,0.0,35472.0,True
10,3,NL-SHADE-RSP-MID,27,0.0,35423.0,True
10,3,NL-SHADE-RSP-MID,28,0.0,35227.0,True
10,3,NL-SHADE-RSP-MID,29,0.0,35033.0,True
10,3,NL-SHADE-RSP-MID,30,0.0,35106.0,True
10,3,Co-PPSO,1,0.0,79622.0,True
10,3,Co-PPSO,2,0.0,79622.0,True
10,3,Co-PPSO,3,0.0,79622.0,True
10,3,Co-PPSO,4,0.0,79622.0,True
10,3,Co-PPSO,5,0.0,79622.0,True
10,3,Co-PPSO,6,0.0,79622.0,True
10,3,Co-PPSO,7,0.0,79622.0,True
10,3,Co-PPSO,8,0.0,79622.0,True
10,3,Co-PPSO,9,0.0,79622.0,True
10,3,Co-PPSO,10,0.0,79622.0,True
10,3,Co-PPSO,11,0.0,79622.0,True
10,3,Co-PPSO,12,0.0,79622.0,True
10,3,Co-PPSO,13,0.0,79622.0,True
10,3,Co-PPSO,14,0.0,79622.0,True
10,3,Co-PPSO,15,0.0,79622.0,True
10,3,Co-PPSO,16,0.0,79622.0,True
10,3,Co-PPSO,17,0.0,79622.0,True
10,3,Co-PPSO,18,0.0,79622.0,True
10,3,Co-PPSO,19,0.0,79622.0,True
10,3,Co-PPSO,20,0.0,79622.0,True
10,3,Co-PPSO,21,0.0,79622.0,True
10,3,Co-PPSO,22,0.0,79622.0,True
10,3,Co-PPSO,23,0.0,79622.0,True
10,3,Co-PPSO,24,0.0,79622.0,True
10,3,Co-PPSO,25,0.0,79622.0,True
10,3,Co-PPSO,26,0.0,79622.0,True
10,3,Co-PPSO,27,0.0,79622.0,True
10,3,Co-PPSO,28,0.0,79622.0,True
10,3,Co-PPSO,29,0.0,79622.0,True
10,3,Co-PPSO,30,0.0,79622.0,True
10,3,NLSOMACLP,1,0.0,90757.0,True
10,3,NLSOMACLP,2,0.0,93856.0,True
10,3,NLSOMACLP,3,0.0,93916.0,True
10,3,NLSOMACLP,4,0.0,89901.0,True
10,3,NLSOMACLP,5,0.0,94090.0,True
10,3,NLSOMACLP,6,0.0,96049.0,True
10,3,NLSOMACLP,7,0.0,92221.0,True
10,3,NLSOMACLP,8,0.0,94871.0,True
10,3,NLSOMACLP,9,0.0,95364.0,True
10,3,NLSOMACLP,10,0.0,100178.0,True
10,3,NLSOMACLP,11,0.0,93266.0,True
10,3,NLSOMACLP,12,0.0,91152.0,True
10,3,NLSOMACLP,13,0.0,92950.0,True
10,3,NLSOMACLP,14,0.0,89462.0,True
10,3,NLSOMACLP,15,0.0,91554.0,True
10,3,NLSOMACLP,16,0.0,91490.0,True
10,3,NLSOMACLP,17,0.0,95365.0,True
10,3,NLSOMACLP,18,0.0,94270.0,True
10,3,NLSOMACLP,19,0.0,92275.0,True
10,3,NLSOMACLP,20,0.0,94071.0,True
10,3,NLSOMACLP,21,0.0,93198.0,True
10,3,NLSOMACLP,22,1.13326794e-05,200000.0,False
10,3,NLSOMACLP,23,0.0,92443.0,True
10,3,NLSOMACLP,24,0.0,93355.0,True
10,3,NLSOMACLP,25,0.0,102206.0,True
10,3,NLSOMACLP,26,0.0,97068.0,True
10,3,NLSOMACLP,27,0.0,88568.0,True
10,3,NLSOMACLP,28,0.0,90192.0,True
10,3,NLSOMACLP,29,0.0,91324.0,True
10,3,NLSOMACLP,30,0.0,94777.0,True
10,4,PDABC,1,6.000000002757361,200000.0,False
10,4,PDABC,2,8.000003172830588,200000.0,False
10,4,PDABC,3,6.0000000000234195,200000.0,False
10,4,PDABC,4,6.000000042094598,200000.0,False
10,4,PDABC,5,4.000000000028081,200000.0,False
10,4,PDABC,6,8.000000032816615,200000.0,False
10,4,PDABC,7,8.000047249582622,200000.0,False
10,4,PDABC,8,10.000012068949218,200000.0,False
10,4,PDABC,9,10.000133592561838,200000.0,False
10,4,PDABC,10,10.000053173190281,200000.0,False
10,4,PDABC,11,10.000000041430553,200000.0,False
10,4,PDABC,12,6.000000000100613,200000.0,False
10,4,PDABC,13,4.000000438063239,200000.0,False
10,4,PDABC,14,6.000000000075374,200000.0,False
10,4,PDABC,15,8.000000310178166,200000.0,False
10,4,PDABC,16,8.000000001896865,200000.0,False
10,4,PDABC,17,10.00000000413013,200000.0,False
10,4,PDABC,18,8.000000000126533,200000.0,False
10,4,PDABC,19,6.000000000655177,200000.0,False
10,4,PDABC,20,12.000000000026603,200000.0,False
10,4,PDABC,21,8.000000005637617,200000.0,False
10,4,PDABC,22,2.0000000000985665,200000.0,False
10,4,PDABC,23,8.00000001082492,200000.0,False
10,4,PDABC,24,8.00000000006196,200000.0,False
10,4,PDABC,25,8.000000000107661,200000.0,False
10,4,PDABC,26,4.000007218100222,200000.0,False
10,4,PDABC,27,8.003390587344143,200000.0,False
10,4,PDABC,28,8.000000000054115,200000.0,False
10,4,PDABC,29,10.000000001400736,200000.0,False
10,4,PDABC,30,6.000000002144134,200000.0,False
10,4,ABC,1,26.1396684,200000.0,False
10,4,ABC,2,28.0005728,200000.0,False
10,4,ABC,3,48.0001455,200000.0,False
10,4,ABC,4,28.0302132,200000.0,False
10,4,ABC,5,38.0033873,200000.0,False
10,4,ABC,6,50.0002581,200000.0,False
10,4,ABC,7,35.1358419,200000.0,False
10,4,ABC,8,44.0044716,200000.0,False
10,4,ABC,9,20.4763055,200000.0,False
10,4,ABC,10,36.0000005,200000.0,False
10,4,ABC,11,50.0,200000.0,False
10,4,ABC,12,30.1873786,200000.0,False
10,4,ABC,13,42.0,200000.0,False
10,4,ABC,14,26.0622987,200000.0,False
10,4,ABC,15,48.0010376,200000.0,False
10,4,ABC,16,46.0002537,200000.0,False
10,4,ABC,17,34.0000468,200000.0,False
10,4,ABC,18,38.2376949,200000.0,False
10,4,ABC,19,24.057586,200000.0,False
10,4,ABC,20,30.0000016,200000.0,False
10,4,ABC,21,46.0002027,200000.0,False
10,4,ABC,22,26.0160353,200000.0,False
10,4,ABC,23,28.0023703,200000.0,False
10,4,ABC,24,50.0,200000.0,False
10,4,ABC,25,22.2210299,200000.0,False
10,4,ABC,26,28.3652858,200000.0,False
10,4,ABC,27,38.0027139,200000.0,False
10,4,ABC,28,34.1773464,200000.0,False
10,4,ABC,29,30.2357883,200000.0,False
10,4,ABC,30,32.0070124,200000.0,False
10,4,ZOCMAES,1,0.994959,200000.0,False
10,4,ZOCMAES,2,0.994959,200000.0,False
10,4,ZOCMAES,3,0.994959,200000.0,False
10,4,ZOCMAES,4,0.0,19389.0,True
10,4,ZOCMAES,5,0.994959,200000.0,False
10,4,ZOCMAES,6,0.994959,200000.0,False
10,4,ZOCMAES,7,0.994959,200000.0,False
10,4,ZOCMAES,8,0.994959,200000.0,False
10,4,ZOCMAES,9,4.974795,200000.0,False
10,4,ZOCMAES,10,0.0,16736.0,True
10,4,ZOCMAES,11,0.0,16758.0,True
10,4,ZOCMAES,12,1.989918,200000.0,False
10,4,ZOCMAES,13,2.984877,200000.0,False
10,4,ZOCMAES,14,0.994959,200000.0,False
10,4,ZOCMAES,15,2.984877,200000.0,False
10,4,ZOCMAES,16,0.994959,200000.0,False
10,4,ZOCMAES,17,4.974795,200000.0,False
10,4,ZOCMAES,18,0.994959,200000.0,False
10,4,ZOCMAES,19,1.989918,200000.0,False
10,4,ZOCMAES,20,1.989918,200000.0,False
10,4,ZOCMAES,21,0.994959,200000.0,False
10,4,ZOCMAES,22,0.994959,200000.0,False
10,4,ZOCMAES,23,0.994959,200000.0,False
10,4,ZOCMAES,24,0.994959,200000.0,False
10,4,ZOCMAES,25,0.994959,200000.0,False
10,4,ZOCMAES,26,0.994959,200000.0,False
10,4,ZOCMAES,27,0.0,12770.0,True
10,4,ZOCMAES,28,0.994959,200000.0,False
10,4,ZOCMAES,29,0.0,17584.0,True
10,4,ZOCMAES,30,0.994959,200000.0,False
10,4,EA4eigN100_10,1,0.0,200000.0,True
10,4,EA4eigN100_10,2,0.0,126192.0,True
10,4,EA4eigN100_10,3,0.0,126192.0,True
10,4,EA4eigN100_10,4,0.0,126192.0,True
10,4,EA4eigN100_10,5,0.0,79622.0,True
10,4,EA4eigN100_10,6,0.0,79622.0,True
10,4,EA4eigN100_10,7,0.0,126192.0,True
10,4,EA4eigN100_10,8,0.0,126192.0,True
10,4,EA4eigN100_10,9,0.99495906,200000.0,False
10,4,EA4eigN100_10,10,0.99495906,200000.0,False
10,4,EA4eigN100_10,11,0.99495906,200000.0,False
10,4,EA4eigN100_10,12,0.99495906,200000.0,False
10,4,EA4eigN100_10,13,0.99495906,200000.0,False
10,4,EA4eigN100_10,14,0.99495906,200000.0,False
10,4,EA4eigN100_10,15,0.99495906,200000.0,False
10,4,EA4eigN100_10,16,0.99495906,200000.0,False
10,4,EA4eigN100_10,17,0.99495906,200000.0,False
10,4,EA4eigN100_10,18,0.99495906,200000.0,False
10,4,EA4eigN100_10,19,1.9899181,200000.0,False
10,4,EA4eigN100_10,20,1.9899181,200000.0,False
10,4,EA4eigN100_10,21,1.9899181,200000.0,False
10,4,EA4eigN100_10,22,1.9899181,200000.0,False
10,4,EA4eigN100_10,23,1.9899181,200000.0,False
10,4,EA4eigN100_10,24,1.9899181,200000.0,False
10,4,EA4eigN100_10,25,1.9899181,200000.0,False
10,4,EA4eigN100_10,26,1.9899181,200000.0,False
10,4,EA4eigN100_10,27,1.9899181,200000.0,False
10,4,EA4eigN100_10,28,2.9848772,200000.0,False
10,4,EA4eigN100_10,29,2.9848772,200000.0,False
10,4,EA4eigN100_10,30,3.9798362,200000.0,False
10,4,NL-SHADE-LBC,1,2.98489,200000.0,False
10,4,NL-SHADE-LBC,2,0.994959,200000.0,False
10,4,NL-SHADE-LBC,3,6.28437e-05,200000.0,False
10,4,NL-SHADE-LBC,4,0.995009,200000.0,False
10,4,NL-SHADE-LBC,5,1.98992,200000.0,False
10,4,NL-SHADE-LBC,6,0.99496,200000.0,False
10,4,NL-SHADE-LBC,7,0.994962,200000.0,False
10,4,NL-SHADE-LBC,8,0.994974,200000.0,False
10,4,NL-SHADE-LBC,9,2.00038,200000.0,False
10,4,NL-SHADE-LBC,10,2.98579,200000.0,False
10,4,NL-SHADE-LBC,11,0.994959,200000.0,False
10,4,NL-SHADE-LBC,12,0.994959,200000.0,False
10,4,NL-SHADE-LBC,13,2.16191e-05,200000.0,False
10,4,NL-SHADE-LBC,14,0.994959,200000.0,False
10,4,NL-SHADE-LBC,15,1.06757,200000.0,False
10,4,NL-SHADE-LBC,16,0.995162,200000.0,False
10,4,NL-SHADE-LBC,17,1.99013,200000.0,False
10,4,NL-SHADE-LBC,18,1.99948,200000.0,False
10,4,NL-SHADE-LBC,19,0.995201,200000.0,False
10,4,NL-SHADE-LBC,20,1.99366,200000.0,False
10,4,NL-SHADE-LBC,21,0.994963,200000.0,False
10,4,NL-SHADE-LBC,22,2.01684,200000.0,False
10,4,NL-SHADE-LBC,23,1.99079,200000.0,False
10,4,NL-SHADE-LBC,24,1.98992,200000.0,False
10,4,NL-SHADE-LBC,25,1.99197,200000.0,False
10,4,NL-SHADE-LBC,26,0.995099,200000.0,False
10,4,NL-SHADE-LBC,27,0.00311438,200000.0,False
10,4,NL-SHADE-LBC,28,5.24348e-05,200000.0,False
10,4,NL-SHADE-LBC,29,0.995225,200000.0,False
10,4,NL-SHADE-LBC,30,0.995039,200000.0,False
10,4,S_LSHADE_DP,1,4.989187,200000.0,False
10,4,S_LSHADE_DP,2,5.969749,200000.0,False
10,4,S_LSHADE_DP,3,2.984877,200000.0,False
10,4,S_LSHADE_DP,4,2.984877,200000.0,False
10,4,S_LSHADE_DP,5,3.979836,200000.0,False
10,4,S_LSHADE_DP,6,5.969754,200000.0,False
10,4,S_LSHADE_DP,7,1.989918,200000.0,False
10,4,S_LSHADE_DP,8,2.984877,200000.0,False
10,4,S_LSHADE_DP,9,4.974795,200000.0,False
10,4,S_LSHADE_DP,10,4.974795,200000.0,False
10,4,S_LSHADE_DP,11,4.980597,200000.0,False
10,4,S_LSHADE_DP,12,2.984877,200000.0,False
10,4,S_LSHADE_DP,13,5.969754,200000.0,False
10,4,S_LSHADE_DP,14,4.974795,200000.0,False
10,4,S_LSHADE_DP,15,3.979836,200000.0,False
10,4,S_LSHADE_DP,16,5.969754,200000.0,False
10,4,S_LSHADE_DP,17,4.974795,200000.0,False
10,4,S_LSHADE_DP,18,4.97479,200000.0,False
10,4,S_LSHADE_DP,19,5.969754,200000.0,False
10,4,S_LSHADE_DP,20,3.979836,200000.0,False
10,4,S_LSHADE_DP,21,6.964713,200000.0,False
10,4,S_LSHADE_DP,22,4.974795,200000.0,False
10,4,S_LSHADE_DP,23,4.974795,200000.0,False
10,4,S_LSHADE_DP,24,2.984877,200000.0,False
10,4,S_LSHADE_DP,25,4.974795,200000.0,False
10,4,S_LSHADE_DP,26,4.381219,200000.0,False
10,4,S_LSHADE_DP,27,7.959667,200000.0,False
10,4,S_LSHADE_DP,28,2.984877,200000.0,False
10,4,S_LSHADE_DP,29,5.969754,200000.0,False
10,4,S_LSHADE_DP,30,4.974795,200000.0,False
10,4,NL-SHADE-RSP-MID,1,4.97479,200000.0,False
10,4,NL-SHADE-RSP-MID,2,10.9445,200000.0,False
10,4,NL-SHADE-RSP-MID,3,12.9345,200000.0,False
10,4,NL-SHADE-RSP-MID,4,9.94959,200000.0,False
10,4,NL-SHADE-RSP-MID,5,9.94959,200000.0,False
10,4,NL-SHADE-RSP-MID,6,8.9548,200000.0,False
10,4,NL-SHADE-RSP-MID,7,17.9093,200000.0,False
10,4,NL-SHADE-RSP-MID,8,5.96975,200000.0,False
10,4,NL-SHADE-RSP-MID,9,6.96539,200000.0,False
10,4,NL-SHADE-RSP-MID,10,4.9748,200000.0,False
10,4,NL-SHADE-RSP-MID,11,7.75199,200000.0,False
10,4,NL-SHADE-RSP-MID,12,4.9748,200000.0,False
10,4,NL-SHADE-RSP-MID,13,5.97009,200000.0,False
10,4,NL-SHADE-RSP-MID,14,8.95463,200000.0,False
10,4,NL-SHADE-RSP-MID,15,15.9194,200000.0,False
10,4,NL-SHADE-RSP-MID,16,2.98488,200000.0,False
10,4,NL-SHADE-RSP-MID,17,8.81955,200000.0,False
10,4,NL-SHADE-RSP-MID,18,14.9244,200000.0,False
10,4,NL-SHADE-RSP-MID,19,3.97984,200000.0,False
10,4,NL-SHADE-RSP-MID,20,17.9092,200000.0,False
10,4,NL-SHADE-RSP-MID,21,10.9445,200000.0,False
10,4,NL-SHADE-RSP-MID,22,5.96975,200000.0,False
10,4,NL-SHADE-RSP-MID,23,14.9244,200000.0,False
10,4,NL-SHADE-RSP-MID,24,8.95463,200000.0,False
10,4,NL-SHADE-RSP-MID,25,20.8941,200000.0,False
10,4,NL-SHADE-RSP-MID,26,11.9395,200000.0,False
10,4,NL-SHADE-RSP-MID,27,12.9345,200000.0,False
10,4,NL-SHADE-RSP-MID,28,10.9445,200000.0,False
10,4,NL-SHADE-RSP-MID,29,5.96975,200000.0,False
10,4,NL-SHADE-RSP-MID,30,11.9395,200000.0,False
10,4,Co-PPSO,1,6.9647084,200000.0,False
10,4,Co-PPSO,2,5.9697543,200000.0,False
10,4,Co-PPSO,3,4.9747953,200000.0,False
10,4,Co-PPSO,4,6.9647134,200000.0,False
10,4,Co-PPSO,5,7.9596674,200000.0,False
10,4,Co-PPSO,6,3.9798362,200000.0,False
10,4,Co-PPSO,7,1.9899181,200000.0,False
10,4,Co-PPSO,8,5.9697493,200000.0,False
10,4,Co-PPSO,9,6.9647084,200000.0,False
10,4,Co-PPSO,10,13.929397,200000.0,False
10,4,Co-PPSO,11,7.9596674,200000.0,False
10,4,Co-PPSO,12,5.9697543,200000.0,False
10,4,Co-PPSO,13,4.9747953,200000.0,False
10,4,Co-PPSO,14,6.9647084,200000.0,False
10,4,Co-PPSO,15,6.9647084,200000.0,False
10,4,Co-PPSO,16,3.9798362,200000.0,False
10,4,Co-PPSO,17,7.9596674,200000.0,False
10,4,Co-PPSO,18,11.939504,200000.0,False
10,4,Co-PPSO,19,8.9546265,200000.0,False
10,4,Co-PPSO,20,6.9647134,200000.0,False
10,4,Co-PPSO,21,8.9546265,200000.0,False
10,4,Co-PPSO,22,3.9798362,200000.0,False
10,4,Co-PPSO,23,5.9697493,200000.0,False
10,4,Co-PPSO,24,10.944545,200000.0,False
10,4,Co-PPSO,25,3.9798362,200000.0,False
10,4,Co-PPSO,26,6.9647134,200000.0,False
10,4,Co-PPSO,27,4.9747953,200000.0,False
10,4,Co-PPSO,28,3.9798362,200000.0,False
10,4,Co-PPSO,29,8.9546265,200000.0,False
10,4,Co-PPSO,30,3.9798362,200000.0,False
10,4,NLSOMACLP,1,11.9394986,200000.0,False
10,4,NLSOMACLP,2,3.97983623,200000.0,False
10,4,NLSOMACLP,3,6.9647134,200000.0,False
10,4,NLSOMACLP,4,8.95462648,200000.0,False
10,4,NLSOMACLP,5,8.95462648,200000.0,False
10,4,NLSOMACLP,6,7.95967246,200000.0,False
10,4,NLSOMACLP,7,9.94958553,200000.0,False
10,4,NLSOMACLP,8,8.95462648,200000.0,False
10,4,NLSOMACLP,9,5.96975434,200000.0,False
10,4,NLSOMACLP,10,5.96975434,200000.0,False
10,4,NLSOMACLP,11,6.9647134,200000.0,False
10,4,NLSOMACLP,12,7.95966742,200000.0,False
10,4,NLSOMACLP,13,12.9344375,200000.0,False
10,4,NLSOMACLP,14,10.9445396,200000.0,False
10,4,NLSOMACLP,15,6.96470836,200000.0,False
10,4,NLSOMACLP,16,13.9294167,200000.0,False
10,4,NLSOMACLP,17,10.9445446,200000.0,False
10,4,NLSOMACLP,18,6.9647134,200000.0,False
10,4,NLSOMACLP,19,8.95462648,200000.0,False
10,4,NLSOMACLP,20,20.89412,200000.0,False
10,4,NLSOMACLP,21,5.96975434,200000.0,False
10,4,NLSOMACLP,22,6.9647134,200000.0,False
10,4,NLSOMACLP,23,13.9294167,200000.0,False
10,4,NLSOMACLP,24,9.94958553,200000.0,False
10,4,NLSOMACLP,25,6.96470836,200000.0,False
10,4,NLSOMACLP,26,10.9445446,200000.0,False
10,4,NLSOMACLP,27,4.97479529,200000.0,False
10,4,NLSOMACLP,28,12.9344577,200000.0,False
10,4,NLSOMACLP,29,5.96975434,200000.0,False
10,4,NLSOMACLP,30,11.9394986,200000.0,False
10,5,PDABC,1,1e-08,58415.0,True
10,5,PDABC,2,1e-08,50036.0,True
10,5,PDABC,3,1e-08,49709.0,True
10,5,PDABC,4,1e-08,51086.0,True
10,5,PDABC,5,1e-08,67802.0,True
10,5,PDABC,6,1e-08,47147.0,True
10,5,PDABC,7,1e-08,38709.0,True
10,5,PDABC,8,1e-08,59433.0,True
10,5,PDABC,9,1e-08,40218.0,True
10,5,PDABC,10,1e-08,63244.0,True
10,5,PDABC,11,1e-08,48173.0,True
10,5,PDABC,12,1e-08,39472.0,True
10,5,PDABC,13,1e-08,70421.0,True
10,5,PDABC,14,1e-08,66240.0,True
10,5,PDABC,15,1e-08,48271.0,True
10,5,PDABC,16,1e-08,59828.0,True
10,5,PDABC,17,1e-08,52727.0,True
10,5,PDABC,18,1e-08,42068.0,True
10,5,PDABC,19,1e-08,53324.0,True
10,5,PDABC,20,1e-08,47367.0,True
10,5,PDABC,21,1e-08,60364.0,True
10,5,PDABC,22,1e-08,57199.0,True
10,5,PDABC,23,1e-08,48191.0,True
10,5,PDABC,24,1e-08,70308.0,True
10,5,PDABC,25,1e-08,67382.0,True
10,5,PDABC,26,1e-08,46440.0,True
10,5,PDABC,27,1e-08,48158.0,True
10,5,PDABC,28,1e-08,64875.0,True
10,5,PDABC,29,1e-08,40275.0,True
10,5,PDABC,30,1e-08,60474.0,True
10,5,ABC,1,0.180143658,200000.0,False
10,5,ABC,2,0.0898137267,200000.0,False
10,5,ABC,3,0.00265972972,200000.0,False
10,5,ABC,4,0.271938426,200000.0,False
10,5,ABC,5,0.270050214,200000.0,False
10,5,ABC,6,0.00647481181,200000.0,False
10,5,ABC,7,0.00899664086,200000.0,False
10,5,ABC,8,0.000730800544,200000.0,False
10,5,ABC,9,0.181912601,200000.0,False
10,5,ABC,10,0.187168872,200000.0,False
10,5,ABC,11,0.460920738,200000.0,False
10,5,ABC,12,0.00172717633,200000.0,False
10,5,ABC,13,0.1794065,200000.0,False
10,5,ABC,14,0.18857993,200000.0,False
10,5,ABC,15,0.00754794675,200000.0,False
10,5,ABC,16,0.00112151434,200000.0,False
10,5,ABC,17,0.639243837,200000.0,False
10,5,ABC,18,0.638051792,200000.0,False
10,5,ABC,19,0.179312105,200000.0,False
10,5,ABC,20,0.0935637698,200000.0,False
10,5,ABC,21,0.0969066321,200000.0,False
10,5,ABC,22,0.359421543,200000.0,False
10,5,ABC,23,0.00220747865,200000.0,False
10,5,ABC,24,0.0905018599,200000.0,False
10,5,ABC,25,0.0901456166,200000.0,False
10,5,ABC,26,0.0912730259,200000.0,False
10,5,ABC,27,0.000301019655,200000.0,False
10,5,ABC,28,0.181617362,200000.0,False
10,5,ABC,29,0.458096331,200000.0,False
10,5,ABC,30,0.091362029,200000.0,False
10,5,ZOCMAES,1,0.000557,200000.0,False
10,5,ZOCMAES,2,0.0,33043.0,True
10,5,ZOCMAES,3,0.000489,200000.0,False
10,5,ZOCMAES,4,0.090148,200000.0,False
10,5,ZOCMAES,5,0.089528,200000.0,False
10,5,ZOCMAES,6,0.000443,200000.0,False
10,5,ZOCMAES,7,0.543852,200000.0,False
10,5,ZOCMAES,8,0.0,38091.0,True
10,5,ZOCMAES,9,0.0,34823.0,True
10,5,ZOCMAES,10,0.454324,200000.0,False
10,5,ZOCMAES,11,0.0,36870.0,True
10,5,ZOCMAES,12,0.179057,200000.0,False
10,5,ZOCMAES,13,0.000702,200000.0,False
10,5,ZOCMAES,14,0.090096,200000.0,False
10,5,ZOCMAES,15,0.090121,200000.0,False
10,5,ZOCMAES,16,0.089528,200000.0,False
10,5,ZOCMAES,17,0.089528,200000.0,False
10,5,ZOCMAES,18,0.543852,200000.0,False
10,5,ZOCMAES,19,0.0,44967.0,True
10,5,ZOCMAES,20,0.543852,200000.0,False
10,5,ZOCMAES,21,0.454324,200000.0,False
10,5,ZOCMAES,22,0.0,36224.0,True
10,5,ZOCMAES,23,0.0,46016.0,True
10,5,ZOCMAES,24,0.000363,200000.0,False
10,5,ZOCMAES,25,1.003321,200000.0,False
10,5,ZOCMAES,26,0.090799,200000.0,False
10,5,ZOCMAES,27,0.0,43394.0,True
10,5,ZOCMAES,28,0.0,43501.0,True
10,5,ZOCMAES,29,0.0,43007.0,True
10,5,ZOCMAES,30,0.454324,200000.0,False
10,5,EA4eigN100_10,1,0.0,50238.0,True
10,5,EA4eigN100_10,2,0.0,50238.0,True
10,5,EA4eigN100_10,3,0.0,31698.0,True
10,5,EA4eigN100_10,4,0.0,50238.0,True
10,5,EA4eigN100_10,5,0.0,50238.0,True
10,5,EA4eigN100_10,6,0.0,50238.0,True
10,5,EA4eigN100_10,7,0.0,50238.0,True
10,5,EA4eigN100_10,8,0.0,50238.0,True
10,5,EA4eigN100_10,9,0.0,31698.0,True
10,5,EA4eigN100_10,10,0.0,31698.0,True
10,5,EA4eigN100_10,11,0.0,31698.0,True
10,5,EA4eigN100_10,12,0.0,50238.0,True
10,5,EA4eigN100_10,13,0.0,31698.0,True
10,5,EA4eigN100_10,14,0.0,50238.0,True
10,5,EA4eigN100_10,15,0.0,50238.0,True
10,5,EA4eigN100_10,16,0.0,50238.0,True
10,5,EA4eigN100_10,17,0.0,50238.0,True
10,5,EA4eigN100_10,18,0.0,50238.0,True
10,5,EA4eigN100_10,19,0.0,31698.0,True
10,5,EA4eigN100_10,20,0.0,50238.0,True
10,5,EA4eigN100_10,21,0.0,31698.0,True
10,5,EA4eigN100_10,22,0.0,50238.0,True
10,5,EA4eigN100_10,23,0.0,50238.0,True
10,5,EA4eigN100_10,24,0.0,50238.0,True
10,5,EA4eigN100_10,25,0.0,31698.0,True
10,5,EA4eigN100_10,26,0.0,31698.0,True
10,5,EA4eigN100_10,27,0.0,50238.0,True
10,5,EA4eigN100_10,28,0.0,50238.0,True
10,5,EA4eigN100_10,29,0.0,31698.0,True
10,5,EA4eigN100_10,30,0.0,50238.0,True
10,5,NL-SHADE-LBC,1,0.0,26214.0,True
10,5,NL-SHADE-LBC,2,0.0,27027.0,True
10,5,NL-SHADE-LBC,3,0.0,27057.0,True
10,5,NL-SHADE-LBC,4,0.0,26795.0,True
10,5,NL-SHADE-LBC,5,0.0,26564.0,True
10,5,NL-SHADE-LBC,6,0.0,26681.0,True
10,5,NL-SHADE-LBC,7,0.0,26598.0,True
10,5,NL-SHADE-LBC,8,0.0,26803.0,True
10,5,NL-SHADE-LBC,9,0.0,26451.0,True
10,5,NL-SHADE-LBC,10,0.0,26866.0,True
10,5,NL-SHADE-LBC,11,0.0,26412.0,True
10,5,NL-SHADE-LBC,12,0.0,26287.0,True
10,5,NL-SHADE-LBC,13,0.0,27437.0,True
10,5,NL-SHADE-LBC,14,0.0,26653.0,True
10,5,NL-SHADE-LBC,15,0.0,26230.0,True
10,5,NL-SHADE-LBC,16,0.0,27460.0,True
10,5,NL-SHADE-LBC,17,0.0,27323.0,True
10,5,NL-SHADE-LBC,18,0.0,26618.0,True
10,5,NL-SHADE-LBC,19,0.0,27168.0,True
10,5,NL-SHADE-LBC,20,0.0,27095.0,True
10,5,NL-SHADE-LBC,21,0.0,26531.0,True
10,5,NL-SHADE-LBC,22,0.0,26196.0,True
10,5,NL-SHADE-LBC,23,0.0,26836.0,True
10,5,NL-SHADE-LBC,24,0.0,26888.0,True
10,5,NL-SHADE-LBC,25,0.0,26784.0,True
10,5,NL-SHADE-LBC,26,0.0,26674.0,True
10,5,NL-SHADE-LBC,27,0.0,27378.0,True
10,5,NL-SHADE-LBC,28,0.0,26416.0,True
10,5,NL-SHADE-LBC,29,0.0,26549.0,True
10,5,NL-SHADE-LBC,30,0.0,27251.0,True
10,5,S_LSHADE_DP,1,0.0,126201.0,True
10,5,S_LSHADE_DP,2,0.0,125958.0,True
10,5,S_LSHADE_DP,3,0.0,123137.0,True
10,5,S_LSHADE_DP,4,0.0,123466.0,True
10,5,S_LSHADE_DP,5,0.0,125639.0,True
10,5,S_LSHADE_DP,6,0.0,125157.0,True
10,5,S_LSHADE_DP,7,0.0,124116.0,True
10,5,S_LSHADE_DP,8,0.0,125328.0,True
10,5,S_LSHADE_DP,9,0.0,124879.0,True
10,5,S_LSHADE_DP,10,0.0,125957.0,True
10,5,S_LSHADE_DP,11,0.0,126471.0,True
10,5,S_LSHADE_DP,12,0.0,125687.0,True
10,5,S_LSHADE_DP,13,0.0,124761.0,True
10,5,S_LSHADE_DP,14,0.0,126745.0,True
10,5,S_LSHADE_DP,15,0.0,128114.0,True
10,5,S_LSHADE_DP,16,0.0,126313.0,True
10,5,S_LSHADE_DP,17,0.0,124835.0,True
10,5,S_LSHADE_DP,18,0.0,126707.0,True
10,5,S_LSHADE_DP,19,0.0,126397.0,True
10,5,S_LSHADE_DP,20,0.0,125518.0,True
10,5,S_LSHADE_DP,21,0.0,126389.0,True
10,5,S_LSHADE_DP,22,0.0,124319.0,True
10,5,S_LSHADE_DP,23,0.0,126664.0,True
10,5,S_LSHADE_DP,24,0.0,126152.0,True
10,5,S_LSHADE_DP,25,0.0,124763.0,True
10,5,S_LSHADE_DP,26,0.0,123951.0,True
10,5,S_LSHADE_DP,27,0.0,125439.0,True
10,5,S_LSHADE_DP,28,0.0,122601.0,True
10,5,S_LSHADE_DP,29,0.0,123786.0,True
10,5,S_LSHADE_DP,30,0.0,124796.0,True
10,5,NL-SHADE-RSP-MID,1,0.0,175399.0,True
10,5,NL-SHADE-RSP-MID,2,13.4529,200000.0,False
10,5,NL-SHADE-RSP-MID,3,3.17133e-07,200000.0,False
10,5,NL-SHADE-RSP-MID,4,3.6442,200000.0,False
10,5,NL-SHADE-RSP-MID,5,16.6374,200000.0,False
10,5,NL-SHADE-RSP-MID,6,0.454324,200000.0,False
10,5,NL-SHADE-RSP-MID,7,0.998176,200000.0,False
10,5,NL-SHADE-RSP-MID,8,0.0,166855.0,True
10,5,NL-SHADE-RSP-MID,9,0.454324,200000.0,False
10,5,NL-SHADE-RSP-MID,10,0.543853,200000.0,False
10,5,NL-SHADE-RSP-MID,11,0.454324,200000.0,False
10,5,NL-SHADE-RSP-MID,12,0.0,172539.0,True
10,5,NL-SHADE-RSP-MID,13,2.85765,200000.0,False
10,5,NL-SHADE-RSP-MID,14,0.0895283,200000.0,False
10,5,NL-SHADE-RSP-MID,15,0.0,174710.0,True
10,5,NL-SHADE-RSP-MID,16,0.543852,200000.0,False
10,5,NL-SHADE-RSP-MID,17,0.0902963,200000.0,False
10,5,NL-SHADE-RSP-MID,18,0.454935,200000.0,False
10,5,NL-SHADE-RSP-MID,19,0.0895306,200000.0,False
10,5,NL-SHADE-RSP-MID,20,0.179057,200000.0,False
10,5,NL-SHADE-RSP-MID,21,0.0895283,200000.0,False
10,5,NL-SHADE-RSP-MID,22,0.0895283,200000.0,False
10,5,NL-SHADE-RSP-MID,23,0.0,148445.0,True
10,5,NL-SHADE-RSP-MID,24,0.0895283,200000.0,False
10,5,NL-SHADE-RSP-MID,25,0.0,154696.0,True
10,5,NL-SHADE-RSP-MID,26,0.0,164793.0,True
10,5,NL-SHADE-RSP-MID,27,2.90749,200000.0,False
10,5,NL-SHADE-RSP-MID,28,0.454324,200000.0,False
10,5,NL-SHADE-RSP-MID,29,5.57708,200000.0,False
10,5,NL-SHADE-RSP-MID,30,0.633381,200000.0,False
10,5,Co-PPSO,1,0.0,31698.0,True
10,5,Co-PPSO,2,0.0,31698.0,True
10,5,Co-PPSO,3,0.0,31698.0,True
10,5,Co-PPSO,4,0.0,31698.0,True
10,5,Co-PPSO,5,0.0,31698.0,True
10,5,Co-PPSO,6,0.0,31698.0,True
10,5,Co-PPSO,7,0.0,31698.0,True
10,5,Co-PPSO,8,0.0,31698.0,True
10,5,Co-PPSO,9,0.0,31698.0,True
10,5,Co-PPSO,10,0.0,31698.0,True
10,5,Co-PPSO,11,0.0,31698.0,True
10,5,Co-PPSO,12,0.0,31698.0,True
10,5,Co-PPSO,13,0.0,31698.0,True
10,5,Co-PPSO,14,0.0,31698.0,True
10,5,Co-PPSO,15,0.0,31698.0,True
10,5,Co-PPSO,16,0.0,31698.0,True
10,5,Co-PPSO,17,0.0,31698.0,True
10,5,Co-PPSO,18,0.0,31698.0,True
10,5,Co-PPSO,19,0.0,31698.0,True
10,5,Co-PPSO,20,0.0,31698.0,True
10,5,Co-PPSO,21,0.0,31698.0,True
10,5,Co-PPSO,22,0.0,31698.0,True
10,5,Co-PPSO,23,0.0,31698.0,True
10,5,Co-PPSO,24,0.0,31698.0,True
10,5,Co-PPSO,25,0.0,31698.0,True
10,5,Co-PPSO,26,0.0,31698.0,True
10,5,Co-PPSO,27,0.0,31698.0,True
10,5,Co-PPSO,28,0.0,31698.0,True
10,5,Co-PPSO,29,0.0,31698.0,True
10,5,Co-PPSO,30,0.0,31698.0,True
10,5,NLSOMACLP,1,0.0,84700.0,True
10,5,NLSOMACLP,2,0.0,97229.0,True
10,5,NLSOMACLP,3,0.0,112294.0,True
10,5,NLSOMACLP,4,0.0,86413.0,True
10,5,NLSOMACLP,5,0.0,107525.0,True
10,5,NLSOMACLP,6,0.0895282504,200000.0,False
10,5,NLSOMACLP,7,0.0,103724.0,True
10,5,NLSOMACLP,8,0.0,109503.0,True
10,5,NLSOMACLP,9,0.0,101250.0,True
10,5,NLSOMACLP,10,0.0,118936.0,True
10,5,NLSOMACLP,11,0.0,116372.0,True
10,5,NLSOMACLP,12,0.0,92137.0,True
10,5,NLSOMACLP,13,0.0,105809.0,True
10,5,NLSOMACLP,14,0.0,108427.0,True
10,5,NLSOMACLP,15,0.0,102498.0,True
10,5,NLSOMACLP,16,0.0,109899.0,True
10,5,NLSOMACLP,17,0.0,117599.0,True
10,5,NLSOMACLP,18,0.0,116136.0,True
10,5,NLSOMACLP,19,0.0,109630.0,True
10,5,NLSOMACLP,20,0.0,108861.0,True
10,5,NLSOMACLP,21,0.0,117326.0,True
10,5,NLSOMACLP,22,0.0,112818.0,True
10,5,NLSOMACLP,23,0.0,108971.0,True
10,5,NLSOMACLP,24,0.0,114150.0,True
10,5,NLSOMACLP,25,0.0,112626.0,True
10,5,NLSOMACLP,26,0.0,102324.0,True
10,5,NLSOMACLP,27,0.0,117833.0,True
10,5,NLSOMACLP,28,0.0,89325.0,True
10,5,NLSOMACLP,29,0.0,105262.0,True
10,5,NLSOMACLP,30,0.0,91754.0,True
10,6,PDABC,1,93.45704524065377,200000.0,False
10,6,PDABC,2,714.4050943801003,200000.0,False
10,6,PDABC,3,16.960202685173726,200000.0,False
10,6,PDABC,4,118.29848917270624,200000.0,False
10,6,PDABC,5,33.32790606945923,200000.0,False
10,6,PDABC,6,38.89059939777462,200000.0,False
10,6,PDABC,7,268.8559511560079,200000.0,False
10,6,PDABC,8,862.1651539436216,200000.0,False
10,6,PDABC,9,220.76655991580606,200000.0,False
10,6,PDABC,10,6.772154747637387,200000.0,False
10,6,PDABC,11,676.1168670736188,200000.0,False
10,6,PDABC,12,44.340496174072314,200000.0,False
10,6,PDABC,13,111.65842668172172,200000.0,False
10,6,PDABC,14,166.02735197833977,200000.0,False
10,6,PDABC,15,1.4109312605773994,200000.0,False
10,6,PDABC,16,1511.596472857097,200000.0,False
10,6,PDABC,17,25.932812469606006,200000.0,False
10,6,PDABC,18,33.01504981292442,200000.0,False
10,6,PDABC,19,6.873751507187308,200000.0,False
10,6,PDABC,20,615.0731550655814,200000.0,False
10,6,PDABC,21,25.54016758058674,200000.0,False
10,6,PDABC,22,14.403584498942791,200000.0,False
10,6,PDABC,23,51.39728225147951,200000.0,False
10,6,PDABC,24,42.425668995377464,200000.0,False
10,6,PDABC,25,2.7335985559645906,200000.0,False
10,6,PDABC,26,133.35954923595295,200000.0,False
10,6,PDABC,27,247.46042587823308,200000.0,False
10,6,PDABC,28,6.17772193928954,200000.0,False
10,6,PDABC,29,17.03441072842884,200000.0,False
10,6,PDABC,30,92.41388367373406,200000.0,False
10,6,ABC,1,5001.74455,200000.0,False
10,6,ABC,2,198.223337,200000.0,False
10,6,ABC,3,1980.97919,200000.0,False
10,6,ABC,4,1904.18129,200000.0,False
10,6,ABC,5,4487.35155,200000.0,False
10,6,ABC,6,2654.78368,200000.0,False
10,6,ABC,7,348.720464,200000.0,False
10,6,ABC,8,2917.07801,200000.0,False
10,6,ABC,9,3344.37433,200000.0,False
10,6,ABC,10,2648.579,200000.0,False
10,6,ABC,11,2250.55831,200000.0,False
10,6,ABC,12,2680.4504,200000.0,False
10,6,ABC,13,4077.36809,200000.0,False
10,6,ABC,14,1951.3006,200000.0,False
10,6,ABC,15,4746.06511,200000.0,False
10,6,ABC,16,2804.10542,200000.0,False
10,6,ABC,17,2476.90665,200000.0,False
10,6,ABC,18,2497.93473,200000.0,False
10,6,ABC,19,2393.24712,200000.0,False
10,6,ABC,20,1657.89812,200000.0,False
10,6,ABC,21,876.228057,200000.0,False
10,6,ABC,22,4987.69335,200000.0,False
10,6,ABC,23,772.637327,200000.0,False
10,6,ABC,24,2723.39402,200000.0,False
10,6,ABC,25,4815.12439,200000.0,False
10,6,ABC,26,3289.53495,200000.0,False
10,6,ABC,27,2136.66348,200000.0,False
10,6,ABC,28,491.465036,200000.0,False
10,6,ABC,29,2497.56784,200000.0,False
10,6,ABC,30,7177.16344,200000.0,False
10,6,ZOCMAES,1,1.449377,200000.0,False
10,6,ZOCMAES,2,0.5,200000.0,False
10,6,ZOCMAES,3,0.5,200000.0,False
10,6,ZOCMAES,4,1.432619,200000.0,False
10,6,ZOCMAES,5,0.497594,200000.0,False
10,6,ZOCMAES,6,0.499376,200000.0,False
10,6,ZOCMAES,7,0.5,200000.0,False
10,6,ZOCMAES,8,0.395156,200000.0,False
10,6,ZOCMAES,9,5.201429,200000.0,False
10,6,ZOCMAES,10,5.175857,200000.0,False
10,6,ZOCMAES,11,1.208609,200000.0,False
10,6,ZOCMAES,12,5.317806,200000.0,False
10,6,ZOCMAES,13,0.354559,200000.0,False
10,6,ZOCMAES,14,1.317688,200000.0,False
10,6,ZOCMAES,15,22.378698,200000.0,False
10,6,ZOCMAES,16,0.5,200000.0,False
10,6,ZOCMAES,17,0.435275,200000.0,False
10,6,ZOCMAES,18,0.045241,200000.0,False
10,6,ZOCMAES,19,0.289372,200000.0,False
10,6,ZOCMAES,20,5.114411,200000.0,False
10,6,ZOCMAES,21,0.199473,200000.0,False
10,6,ZOCMAES,22,0.398068,200000.0,False
10,6,ZOCMAES,23,0.480374,200000.0,False
10,6,ZOCMAES,24,0.448763,200000.0,False
10,6,ZOCMAES,25,5.289269,200000.0,False
10,6,ZOCMAES,26,0.133076,200000.0,False
10,6,ZOCMAES,27,2.45315,200000.0,False
10,6,ZOCMAES,28,1.064075,200000.0,False
10,6,ZOCMAES,29,1.494946,200000.0,False
10,6,ZOCMAES,30,0.183673,200000.0,False
10,6,EA4eigN100_10,1,0.00057482381,200000.0,False
10,6,EA4eigN100_10,2,0.0015604345,200000.0,False
10,6,EA4eigN100_10,3,0.0020109389,200000.0,False
10,6,EA4eigN100_10,4,0.0020445085,200000.0,False
10,6,EA4eigN100_10,5,0.0021028348,200000.0,False
10,6,EA4eigN100_10,6,0.0025985455,200000.0,False
10,6,EA4eigN100_10,7,0.0029708131,200000.0,False
10,6,EA4eigN100_10,8,0.0029909913,200000.0,False
10,6,EA4eigN100_10,9,0.0033998317,200000.0,False
10,6,EA4eigN100_10,10,0.0036758542,200000.0,False
10,6,EA4eigN100_10,11,0.0041408294,200000.0,False
10,6,EA4eigN100_10,12,0.0042921242,200000.0,False
10,6,EA4eigN100_10,13,0.0046608152,200000.0,False
10,6,EA4eigN100_10,14,0.0048015755,200000.0,False
10,6,EA4eigN100_10,15,0.005107246,200000.0,False
10,6,EA4eigN100_10,16,0.0057112095,200000.0,False
10,6,EA4eigN100_10,17,0.0065969801,200000.0,False
10,6,EA4eigN100_10,18,0.0070363867,200000.0,False
10,6,EA4eigN100_10,19,0.0073199745,200000.0,False
10,6,EA4eigN100_10,20,0.0077803505,200000.0,False
10,6,EA4eigN100_10,21,0.0085361789,200000.0,False
10,6,EA4eigN100_10,22,0.0087030658,200000.0,False
10,6,EA4eigN100_10,23,0.0088057162,200000.0,False
10,6,EA4eigN100_10,24,0.010076102,200000.0,False
10,6,EA4eigN100_10,25,0.010991188,200000.0,False
10,6,EA4eigN100_10,26,0.016069868,200000.0,False
10,6,EA4eigN100_10,27,0.027267014,200000.0,False
10,6,EA4eigN100_10,28,0.072794536,200000.0,False
10,6,EA4eigN100_10,29,0.13039407,200000.0,False
10,6,EA4eigN100_10,30,0.14805837,200000.0,False
10,6,NL-SHADE-LBC,1,0.43881,200000.0,False
10,6,NL-SHADE-LBC,2,0.348968,200000.0,False
10,6,NL-SHADE-LBC,3,0.334824,200000.0,False
10,6,NL-SHADE-LBC,4,0.139744,200000.0,False
10,6,NL-SHADE-LBC,5,0.13011,200000.0,False
10,6,NL-SHADE-LBC,6,0.0332345,200000.0,False
10,6,NL-SHADE-LBC,7,0.0140087,200000.0,False
10,6,NL-SHADE-LBC,8,0.439595,200000.0,False
10,6,NL-SHADE-LBC,9,0.0192642,200000.0,False
10,6,NL-SHADE-LBC,10,0.14436,200000.0,False
10,6,NL-SHADE-LBC,11,0.014067,200000.0,False
10,6,NL-SHADE-LBC,12,0.0369196,200000.0,False
10,6,NL-SHADE-LBC,13,0.0549475,200000.0,False
10,6,NL-SHADE-LBC,14,0.0624173,200000.0,False
10,6,NL-SHADE-LBC,15,0.126255,200000.0,False
10,6,NL-SHADE-LBC,16,0.25473,200000.0,False
10,6,NL-SHADE-LBC,17,0.0730806,200000.0,False
10,6,NL-SHADE-LBC,18,0.075616,200000.0,False
10,6,NL-SHADE-LBC,19,0.0349192,200000.0,False
10,6,NL-SHADE-LBC,20,0.0615536,200000.0,False
10,6,NL-SHADE-LBC,21,0.168145,200000.0,False
10,6,NL-SHADE-LBC,22,0.0711212,200000.0,False
10,6,NL-SHADE-LBC,23,0.0414382,200000.0,False
10,6,NL-SHADE-LBC,24,0.0156954,200000.0,False
10,6,NL-SHADE-LBC,25,0.100342,200000.0,False
10,6,NL-SHADE-LBC,26,0.0187944,200000.0,False
10,6,NL-SHADE-LBC,27,0.116153,200000.0,False
10,6,NL-SHADE-LBC,28,0.283956,200000.0,False
10,6,NL-SHADE-LBC,29,0.00430632,200000.0,False
10,6,NL-SHADE-LBC,30,0.0630356,200000.0,False
10,6,S_LSHADE_DP,1,0.4871125,200000.0,False
10,6,S_LSHADE_DP,2,0.2853414,200000.0,False
10,6,S_LSHADE_DP,3,0.3462197,200000.0,False
10,6,S_LSHADE_DP,4,0.01008228,200000.0,False
10,6,S_LSHADE_DP,5,0.1117408,200000.0,False
10,6,S_LSHADE_DP,6,0.1369399,200000.0,False
10,6,S_LSHADE_DP,7,0.104674,200000.0,False
10,6,S_LSHADE_DP,8,0.4249717,200000.0,False
10,6,S_LSHADE_DP,9,0.3004054,200000.0,False
10,6,S_LSHADE_DP,10,0.2150806,200000.0,False
10,6,S_LSHADE_DP,11,0.4766447,200000.0,False
10,6,S_LSHADE_DP,12,0.305969,200000.0,False
10,6,S_LSHADE_DP,13,0.2328309,200000.0,False
10,6,S_LSHADE_DP,14,0.3702989,200000.0,False
10,6,S_LSHADE_DP,15,0.2353322,200000.0,False
10,6,S_LSHADE_DP,16,0.2076557,200000.0,False
10,6,S_LSHADE_DP,17,0.2649074,200000.0,False
10,6,S_LSHADE_DP,18,0.4615717,200000.0,False
10,6,S_LSHADE_DP,19,0.396191,200000.0,False
10,6,S_LSHADE_DP,20,0.4513268,200000.0,False
10,6,S_LSHADE_DP,21,0.2365105,200000.0,False
10,6,S_LSHADE_DP,22,0.29939,200000.0,False
10,6,S_LSHADE_DP,23,0.1986879,200000.0,False
10,6,S_LSHADE_DP,24,0.1306614,200000.0,False
10,6,S_LSHADE_DP,25,0.1349422,200000.0,False
10,6,S_LSHADE_DP,26,0.3408101,200000.0,False
10,6,S_LSHADE_DP,27,0.2422154,200000.0,False
10,6,S_LSHADE_DP,28,0.06302388,200000.0,False
10,6,S_LSHADE_DP,29,0.1007965,200000.0,False
10,6,S_LSHADE_DP,30,0.2424151,200000.0,False
10,6,NL-SHADE-RSP-MID,1,0.0376504,200000.0,False
10,6,NL-SHADE-RSP-MID,2,0.0953146,200000.0,False
10,6,NL-SHADE-RSP-MID,3,0.0370394,200000.0,False
10,6,NL-SHADE-RSP-MID,4,0.0470021,200000.0,False
10,6,NL-SHADE-RSP-MID,5,0.0365144,200000.0,False
10,6,NL-SHADE-RSP-MID,6,0.0882143,200000.0,False
10,6,NL-SHADE-RSP-MID,7,0.315532,200000.0,False
10,6,NL-SHADE-RSP-MID,8,0.0315093,200000.0,False
10,6,NL-SHADE-RSP-MID,9,0.0894132,200000.0,False
10,6,NL-SHADE-RSP-MID,10,0.101447,200000.0,False
10,6,NL-SHADE-RSP-MID,11,0.019238,200000.0,False
10,6,NL-SHADE-RSP-MID,12,0.258992,200000.0,False
10,6,NL-SHADE-RSP-MID,13,0.0245702,200000.0,False
10,6,NL-SHADE-RSP-MID,14,0.0288649,200000.0,False
10,6,NL-SHADE-RSP-MID,15,0.18611,200000.0,False
10,6,NL-SHADE-RSP-MID,16,0.0975959,200000.0,False
10,6,NL-SHADE-RSP-MID,17,0.17677,200000.0,False
10,6,NL-SHADE-RSP-MID,18,0.0282775,200000.0,False
10,6,NL-SHADE-RSP-MID,19,1.00462,200000.0,False
10,6,NL-SHADE-RSP-MID,20,0.104176,200000.0,False
10,6,NL-SHADE-RSP-MID,21,0.119955,200000.0,False
10,6,NL-SHADE-RSP-MID,22,0.0178292,200000.0,False
10,6,NL-SHADE-RSP-MID,23,0.177736,200000.0,False
10,6,NL-SHADE-RSP-MID,24,1.03603,200000.0,False
10,6,NL-SHADE-RSP-MID,25,0.116916,200000.0,False
10,6,NL-SHADE-RSP-MID,26,0.114337,200000.0,False
10,6,NL-SHADE-RSP-MID,27,0.0761394,200000.0,False
10,6,NL-SHADE-RSP-MID,28,0.199768,200000.0,False
10,6,NL-SHADE-RSP-MID,29,0.25374,200000.0,False
10,6,NL-SHADE-RSP-MID,30,0.0755818,200000.0,False
10,6,Co-PPSO,1,402.80135,200000.0,False
10,6,Co-PPSO,2,76.077525,200000.0,False
10,6,Co-PPSO,3,592.85574,200000.0,False
10,6,Co-PPSO,4,7.0016172,200000.0,False
10,6,Co-PPSO,5,89.041804,200000.0,False
10,6,Co-PPSO,6,910.34361,200000.0,False
10,6,Co-PPSO,7,788.68699,200000.0,False
10,6,Co-PPSO,8,94.562406,200000.0,False
10,6,Co-PPSO,9,58.415155,200000.0,False
10,6,Co-PPSO,10,125.60936,200000.0,False
10,6,Co-PPSO,11,364.43999,200000.0,False
10,6,Co-PPSO,12,444.75094,200000.0,False
10,6,Co-PPSO,13,49.682449,200000.0,False
10,6,Co-PPSO,14,1764.0666,200000.0,False
10,6,Co-PPSO,15,71.37723,200000.0,False
10,6,Co-PPSO,16,22.964637,200000.0,False
10,6,Co-PPSO,17,249.22772,200000.0,False
10,6,Co-PPSO,18,362.57613,200000.0,False
10,6,Co-PPSO,19,60.596769,200000.0,False
10,6,Co-PPSO,20,21.126001,200000.0,False
10,6,Co-PPSO,21,41.637298,200000.0,False
10,6,Co-PPSO,22,277.59478,200000.0,False
10,6,Co-PPSO,23,15.039979,200000.0,False
10,6,Co-PPSO,24,96.260364,200000.0,False
10,6,Co-PPSO,25,821.61185,200000.0,False
10,6,Co-PPSO,26,1432.7816,200000.0,False
10,6,Co-PPSO,27,254.12941,200000.0,False
10,6,Co-PPSO,28,395.81786,200000.0,False
10,6,Co-PPSO,29,48.045855,200000.0,False
10,6,Co-PPSO,30,56.525066,200000.0,False
10,6,NLSOMACLP,1,2.2519311,200000.0,False
10,6,NLSOMACLP,2,1.20580132,200000.0,False
10,6,NLSOMACLP,3,1.17368607,200000.0,False
10,6,NLSOMACLP,4,0.0483791628,200000.0,False
10,6,NLSOMACLP,5,0.340315955,200000.0,False
10,6,NLSOMACLP,6,0.201997735,200000.0,False
10,6,NLSOMACLP,7,0.302281475,200000.0,False
10,6,NLSOMACLP,8,1.34436179,200000.0,False
10,6,NLSOMACLP,9,0.404239249,200000.0,False
10,6,NLSOMACLP,10,0.318116353,200000.0,False
10,6,NLSOMACLP,11,0.157200861,200000.0,False
10,6,NLSOMACLP,12,0.11093074,200000.0,False
10,6,NLSOMACLP,13,0.162695287,200000.0,False
10,6,NLSOMACLP,14,0.195094099,200000.0,False
10,6,NLSOMACLP,15,0.307822593,200000.0,False
10,6,NLSOMACLP,16,0.241012219,200000.0,False
10,6,NLSOMACLP,17,1.10125803,200000.0,False
10,6,NLSOMACLP,18,0.216344191,200000.0,False
10,6,NLSOMACLP,19,0.182088156,200000.0,False
10,6,NLSOMACLP,20,1.120391,200000.0,False
10,6,NLSOMACLP,21,1.07069285,200000.0,False
10,6,NLSOMACLP,22,1.04458254,200000.0,False
10,6,NLSOMACLP,23,0.11581297,200000.0,False
10,6,NLSOMACLP,24,0.316442622,200000.0,False
10,6,NLSOMACLP,25,1.34679827,200000.0,False
10,6,NLSOMACLP,26,0.262959534,200000.0,False
10,6,NLSOMACLP,27,1.21756163,200000.0,False
10,6,NLSOMACLP,28,0.0869397957,200000.0,False
10,6,NLSOMACLP,29,0.337839114,200000.0,False
10,6,NLSOMACLP,30,0.459758711,200000.0,False
10,7,PDABC,1,0.2941270947542307,200000.0,False
10,7,PDABC,2,0.41814000352678704,200000.0,False
10,7,PDABC,3,1.54333140009021,200000.0,False
10,7,PDABC,4,0.03022966196181187,200000.0,False
10,7,PDABC,5,0.00911163648765978,200000.0,False
10,7,PDABC,6,0.5049283427470073,200000.0,False
10,7,PDABC,7,0.19967366198261516,200000.0,False
10,7,PDABC,8,0.5451522955797827,200000.0,False
10,7,PDABC,9,0.20514012273429216,200000.0,False
10,7,PDABC,10,0.39960756542814124,200000.0,False
10,7,PDABC,11,0.024580565519272568,200000.0,False
10,7,PDABC,12,0.5035338104162292,200000.0,False
10,7,PDABC,13,0.6184054891600681,200000.0,False
10,7,PDABC,14,0.01465962724705605,200000.0,False
10,7,PDABC,15,0.0027130818375553645,200000.0,False
10,7,PDABC,16,1.033843970628368,200000.0,False
10,7,PDABC,17,0.005984143460409541,200000.0,False
10,7,PDABC,18,0.07021956014614261,200000.0,False
10,7,PDABC,19,0.08897338462020343,200000.0,False
10,7,PDABC,20,0.10938325858273856,200000.0,False
10,7,PDABC,21,0.7421151363905665,200000.0,False
10,7,PDABC,22,0.06759332219439784,200000.0,False
10,7,PDABC,23,1.5541139578467664,200000.0,False
10,7,PDABC,24,0.3976920384893674,200000.0,False
10,7,PDABC,25,0.10995647874847236,200000.0,False
10,7,PDABC,26,0.2653787705326067,200000.0,False
10,7,PDABC,27,0.5254204637828934,200000.0,False
10,7,PDABC,28,0.1281228486989221,200000.0,False
10,7,PDABC,29,0.14367962426445047,200000.0,False
10,7,PDABC,30,20.105915693570523,200000.0,False
10,7,ABC,1,3.35764513,200000.0,False
10,7,ABC,2,1.45545255,200000.0,False
10,7,ABC,3,3.15349019,200000.0,False
10,7,ABC,4,2.26406313,200000.0,False
10,7,ABC,5,2.64220689,200000.0,False
10,7,ABC,6,4.44128469,200000.0,False
10,7,ABC,7,1.88417338,200000.0,False
10,7,ABC,8,2.32001574,200000.0,False
10,7,ABC,9,3.61084823,200000.0,False
10,7,ABC,10,2.30519322,200000.0,False
10,7,ABC,11,3.1182191,200000.0,False
10,7,ABC,12,2.40217228,200000.0,False
10,7,ABC,13,2.53041168,200000.0,False
10,7,ABC,14,1.92602697,200000.0,False
10,7,ABC,15,2.02109238,200000.0,False
10,7,ABC,16,1.7212603,200000.0,False
10,7,ABC,17,3.09616351,200000.0,False
10,7,ABC,18,0.673868269,200000.0,False
10,7,ABC,19,2.73067793,200000.0,False
10,7,ABC,20,1.51612015,200000.0,False
10,7,ABC,21,5.44612781,200000.0,False
10,7,ABC,22,4.49002062,200000.0,False
10,7,ABC,23,2.76272502,200000.0,False
10,7,ABC,24,1.2821887,200000.0,False
10,7,ABC,25,1.99140716,200000.0,False
10,7,ABC,26,2.20004855,200000.0,False
10,7,ABC,27,2.25904548,200000.0,False
10,7,ABC,28,2.03060347,200000.0,False
10,7,ABC,29,1.9853662,200000.0,False
10,7,ABC,30,1.97624509,200000.0,False
10,7,ZOCMAES,1,0.994959,200000.0,False
10,7,ZOCMAES,2,20.994898,200000.0,False
10,7,ZOCMAES,3,20.624043,200000.0,False
10,7,ZOCMAES,4,1.989918,200000.0,False
10,7,ZOCMAES,5,1.619058,200000.0,False
10,7,ZOCMAES,6,0.994959,200000.0,False
10,7,ZOCMAES,7,20.62373,200000.0,False
10,7,ZOCMAES,8,19.999959,200000.0,False
10,7,ZOCMAES,9,20.994923,200000.0,False
10,7,ZOCMAES,10,0.994959,200000.0,False
10,7,ZOCMAES,11,19.999992,200000.0,False
10,7,ZOCMAES,12,20.624098,200000.0,False
10,7,ZOCMAES,13,1.619058,200000.0,False
10,7,ZOCMAES,14,20.624099,200000.0,False
10,7,ZOCMAES,15,0.994959,200000.0,False
10,7,ZOCMAES,16,1.619058,200000.0,False
10,7,ZOCMAES,17,20.994937,200000.0,False
10,7,ZOCMAES,18,0.994959,200000.0,False
10,7,ZOCMAES,19,20.623448,200000.0,False
10,7,ZOCMAES,20,0.624099,200000.0,False
10,7,ZOCMAES,21,0.0,38948.0,True
10,7,ZOCMAES,22,29.521993,200000.0,False
10,7,ZOCMAES,23,0.0,41644.0,True
10,7,ZOCMAES,24,21.616843,200000.0,False
10,7,ZOCMAES,25,20.624093,200000.0,False
10,7,ZOCMAES,26,10.57366,200000.0,False
10,7,ZOCMAES,27,1.989918,200000.0,False
10,7,ZOCMAES,28,40.202689,200000.0,False
10,7,ZOCMAES,29,21.989917,200000.0,False
10,7,ZOCMAES,30,3.979831,200000.0,False
10,7,EA4eigN100_10,1,0.0,200000.0,True
10,7,EA4eigN100_10,2,0.0,200000.0,True
10,7,EA4eigN100_10,3,0.0,200000.0,True
10,7,EA4eigN100_10,4,0.0,200000.0,True
10,7,EA4eigN100_10,5,0.0,200000.0,True
10,7,EA4eigN100_10,6,0.0,200000.0,True
10,7,EA4eigN100_10,7,0.0,200000.0,True
10,7,EA4eigN100_10,8,0.0,200000.0,True
10,7,EA4eigN100_10,9,0.0,200000.0,True
10,7,EA4eigN100_10,10,0.0,200000.0,True
10,7,EA4eigN100_10,11,0.0,200000.0,True
10,7,EA4eigN100_10,12,0.0,200000.0,True
10,7,EA4eigN100_10,13,0.0,200000.0,True
10,7,EA4eigN100_10,14,0.0,200000.0,True
10,7,EA4eigN100_10,15,0.0,200000.0,True
10,7,EA4eigN100_10,16,0.0,200000.0,True
10,7,EA4eigN100_10,17,0.0,126192.0,True
10,7,EA4eigN100_10,18,0.0,200000.0,True
10,7,EA4eigN100_10,19,0.0,200000.0,True
10,7,EA4eigN100_10,20,0.0,200000.0,True
10,7,EA4eigN100_10,21,0.0,200000.0,True
10,7,EA4eigN100_10,22,0.0,200000.0,True
10,7,EA4eigN100_10,23,0.0,200000.0,True
10,7,EA4eigN100_10,24,0.0,200000.0,True
10,7,EA4eigN100_10,25,0.0,200000.0,True
10,7,EA4eigN100_10,26,0.0,200000.0,True
10,7,EA4eigN100_10,27,0.0,200000.0,True
10,7,EA4eigN100_10,28,0.0,200000.0,True
10,7,EA4eigN100_10,29,0.0,200000.0,True
10,7,EA4eigN100_10,30,0.0,200000.0,True
10,7,NL-SHADE-LBC,1,0.0,144325.0,True
10,7,NL-SHADE-LBC,2,0.0,149336.0,True
10,7,NL-SHADE-LBC,3,0.0,137011.0,True
10,7,NL-SHADE-LBC,4,0.0,137329.0,True
10,7,NL-SHADE-LBC,5,0.0,141227.0,True
10,7,NL-SHADE-LBC,6,0.0,128483.0,True
10,7,NL-SHADE-LBC,7,0.0,137179.0,True
10,7,NL-SHADE-LBC,8,0.0,133218.0,True
10,7,NL-SHADE-LBC,9,0.0,151485.0,True
10,7,NL-SHADE-LBC,10,0.0,147875.0,True
10,7,NL-SHADE-LBC,11,0.0,143365.0,True
10,7,NL-SHADE-LBC,12,0.0,136018.0,True
10,7,NL-SHADE-LBC,13,0.0,148315.0,True
10,7,NL-SHADE-LBC,14,0.0,150726.0,True
10,7,NL-SHADE-LBC,15,0.0,146421.0,True
10,7,NL-SHADE-LBC,16,0.0,139696.0,True
10,7,NL-SHADE-LBC,17,0.0,153457.0,True
10,7,NL-SHADE-LBC,18,0.0,155867.0,True
10,7,NL-SHADE-LBC,19,0.0,133757.0,True
10,7,NL-SHADE-LBC,20,0.0,151639.0,True
10,7,NL-SHADE-LBC,21,0.0,155421.0,True
10,7,NL-SHADE-LBC,22,0.0,152310.0,True
10,7,NL-SHADE-LBC,23,0.0,153878.0,True
10,7,NL-SHADE-LBC,24,0.0,152686.0,True
10,7,NL-SHADE-LBC,25,0.0,142186.0,True
10,7,NL-SHADE-LBC,26,0.0,160211.0,True
10,7,NL-SHADE-LBC,27,0.0,144859.0,True
10,7,NL-SHADE-LBC,28,0.0,153081.0,True
10,7,NL-SHADE-LBC,29,0.0,151644.0,True
10,7,NL-SHADE-LBC,30,0.0,148004.0,True
10,7,S_LSHADE_DP,1,0.0,159013.0,True
10,7,S_LSHADE_DP,2,0.0,133876.0,True
10,7,S_LSHADE_DP,3,0.0,155243.0,True
10,7,S_LSHADE_DP,4,0.0,139248.0,True
10,7,S_LSHADE_DP,5,0.0,147323.0,True
10,7,S_LSHADE_DP,6,0.0,163073.0,True
10,7,S_LSHADE_DP,7,0.0,152157.0,True
10,7,S_LSHADE_DP,8,0.0,154742.0,True
10,7,S_LSHADE_DP,9,0.0,140337.0,True
10,7,S_LSHADE_DP,10,0.0,147616.0,True
10,7,S_LSHADE_DP,11,0.0,164546.0,True
10,7,S_LSHADE_DP,12,0.0,152211.0,True
10,7,S_LSHADE_DP,13,0.0,155003.0,True
10,7,S_LSHADE_DP,14,0.0,146350.0,True
10,7,S_LSHADE_DP,15,0.0,164188.0,True
10,7,S_LSHADE_DP,16,0.0,150968.0,True
10,7,S_LSHADE_DP,17,0.0,153832.0,True
10,7,S_LSHADE_DP,18,0.0,161308.0,True
10,7,S_LSHADE_DP,19,0.0,143892.0,True
10,7,S_LSHADE_DP,20,0.0,158753.0,True
10,7,S_LSHADE_DP,21,0.0,135640.0,True
10,7,S_LSHADE_DP,22,0.0,152968.0,True
10,7,S_LSHADE_DP,23,0.0,148367.0,True
10,7,S_LSHADE_DP,24,0.0,153675.0,True
10,7,S_LSHADE_DP,25,0.0,157981.0,True
10,7,S_LSHADE_DP,26,0.0,136198.0,True
10,7,S_LSHADE_DP,27,0.0,153859.0,True
10,7,S_LSHADE_DP,28,0.0,149851.0,True
10,7,S_LSHADE_DP,29,0.0,159813.0,True
10,7,S_LSHADE_DP,30,0.0,157695.0,True
10,7,NL-SHADE-RSP-MID,1,0.0,84460.0,True
10,7,NL-SHADE-RSP-MID,2,0.0,83943.0,True
10,7,NL-SHADE-RSP-MID,3,0.0,76326.0,True
10,7,NL-SHADE-RSP-MID,4,0.0,75665.0,True
10,7,NL-SHADE-RSP-MID,5,0.0,87008.0,True
10,7,NL-SHADE-RSP-MID,6,0.0,85372.0,True
10,7,NL-SHADE-RSP-MID,7,0.0,78110.0,True
10,7,NL-SHADE-RSP-MID,8,0.0,86506.0,True
10,7,NL-SHADE-RSP-MID,9,0.0,79535.0,True
10,7,NL-SHADE-RSP-MID,10,0.0,56478.0,True
10,7,NL-SHADE-RSP-MID,11,0.0,87526.0,True
10,7,NL-SHADE-RSP-MID,12,0.0,66335.0,True
10,7,NL-SHADE-RSP-MID,13,0.0,84670.0,True
10,7,NL-SHADE-RSP-MID,14,0.0,85544.0,True
10,7,NL-SHADE-RSP-MID,15,0.0,69790.0,True
10,7,NL-SHADE-RSP-MID,16,0.0,65331.0,True
10,7,NL-SHADE-RSP-MID,17,0.0,82148.0,True
10,7,NL-SHADE-RSP-MID,18,0.0,70625.0,True
10,7,NL-SHADE-RSP-MID,19,0.0,80186.0,True
10,7,NL-SHADE-RSP-MID,20,0.0,72613.0,True
10,7,NL-SHADE-RSP-MID,21,0.0,76252.0,True
10,7,NL-SHADE-RSP-MID,22,0.0,69603.0,True
10,7,NL-SHADE-RSP-MID,23,0.0,74170.0,True
10,7,NL-SHADE-RSP-MID,24,0.0,81849.0,True
10,7,NL-SHADE-RSP-MID,25,0.0,83673.0,True
10,7,NL-SHADE-RSP-MID,26,0.0,77911.0,True
10,7,NL-SHADE-RSP-MID,27,0.0,78995.0,True
10,7,NL-SHADE-RSP-MID,28,0.0,61338.0,True
10,7,NL-SHADE-RSP-MID,29,0.0,75028.0,True
10,7,NL-SHADE-RSP-MID,30,0.0,79254.0,True
10,7,Co-PPSO,1,19.999959,200000.0,False
10,7,Co-PPSO,2,20.994957,200000.0,False
10,7,Co-PPSO,3,1.9899181,200000.0,False
10,7,Co-PPSO,4,0.99495909,200000.0,False
10,7,Co-PPSO,5,1.6190587,200000.0,False
10,7,Co-PPSO,6,19.999997,200000.0,False
10,7,Co-PPSO,7,19.999843,200000.0,False
10,7,Co-PPSO,8,20.994956,200000.0,False
10,7,Co-PPSO,9,20.623237,200000.0,False
10,7,Co-PPSO,10,1.6190584,200000.0,False
10,7,Co-PPSO,11,0.99495921,200000.0,False
10,7,Co-PPSO,12,20.62408,200000.0,False
10,7,Co-PPSO,13,20.6239,200000.0,False
10,7,Co-PPSO,14,0.9949596,200000.0,False
10,7,Co-PPSO,15,0.99495909,200000.0,False
10,7,Co-PPSO,16,0.62410082,200000.0,False
10,7,Co-PPSO,17,19.999887,200000.0,False
10,7,Co-PPSO,18,0.99495909,200000.0,False
10,7,Co-PPSO,19,2.0402695e-08,200000.0,False
10,7,Co-PPSO,20,0.62409934,200000.0,False
10,7,Co-PPSO,21,21.989917,200000.0,False
10,7,Co-PPSO,22,1.9269487e-07,200000.0,False
10,7,Co-PPSO,23,1.9899186,200000.0,False
10,7,Co-PPSO,24,5.1893312e-07,200000.0,False
10,7,Co-PPSO,25,0.99496012,200000.0,False
10,7,Co-PPSO,26,19.999862,200000.0,False
10,7,Co-PPSO,27,0.62409986,200000.0,False
10,7,Co-PPSO,28,2.6140175,200000.0,False
10,7,Co-PPSO,29,21.619053,200000.0,False
10,7,Co-PPSO,30,6.8519057e-08,200000.0,False
10,7,NLSOMACLP,1,0.0,119626.0,True
10,7,NLSOMACLP,2,0.994959057,200000.0,False
10,7,NLSOMACLP,3,0.0,106840.0,True
10,7,NLSOMACLP,4,0.0,115006.0,True
10,7,NLSOMACLP,5,0.0,122415.0,True
10,7,NLSOMACLP,6,0.0,116334.0,True
10,7,NLSOMACLP,7,0.0,117768.0,True
10,7,NLSOMACLP,8,0.0,121098.0,True
10,7,NLSOMACLP,9,0.0,109034.0,True
10,7,NLSOMACLP,10,0.0,114604.0,True
10,7,NLSOMACLP,11,0.0,120287.0,True
10,7,NLSOMACLP,12,0.0,121878.0,True
10,7,NLSOMACLP,13,0.0,115914.0,True
10,7,NLSOMACLP,14,0.0,120442.0,True
10,7,NLSOMACLP,15,0.0,121023.0,True
10,7,NLSOMACLP,16,0.0,111250.0,True
10,7,NLSOMACLP,17,0.994959057,200000.0,False
10,7,NLSOMACLP,18,0.0,113265.0,True
10,7,NLSOMACLP,19,0.0,114396.0,True
10,7,NLSOMACLP,20,0.0,109827.0,True
10,7,NLSOMACLP,21,0.0,114515.0,True
10,7,NLSOMACLP,22,0.994959057,200000.0,False
10,7,NLSOMACLP,23,0.0,123641.0,True
10,7,NLSOMACLP,24,0.0,112681.0,True
10,7,NLSOMACLP,25,0.0,115560.0,True
10,7,NLSOMACLP,26,0.0,110219.0,True
10,7,NLSOMACLP,27,0.0,113203.0,True
10,7,NLSOMACLP,28,0.0,122677.0,True
10,7,NLSOMACLP,29,0.0,117408.0,True
10,7,NLSOMACLP,30,0.0,134120.0,True
10,8,PDABC,1,0.5298380078570517,200000.0,False
10,8,PDABC,2,0.17822027445527056,200000.0,False
10,8,PDABC,3,0.19618575537015204,200000.0,False
10,8,PDABC,4,0.580526523109711,200000.0,False
10,8,PDABC,5,0.57676849735617,200000.0,False
10,8,PDABC,6,0.26911243587710487,200000.0,False
10,8,PDABC,7,0.4183867743840892,200000.0,False
10,8,PDABC,8,0.23622341177906492,200000.0,False
10,8,PDABC,9,0.12559045453690487,200000.0,False
10,8,PDABC,10,0.3770700235299955,200000.0,False
10,8,PDABC,11,0.41777750312940043,200000.0,False
10,8,PDABC,12,0.5444423643129994,200000.0,False
10,8,PDABC,13,0.20430144532474515,200000.0,False
10,8,PDABC,14,0.16121883121604696,200000.0,False
10,8,PDABC,15,0.21108015308846007,200000.0,False
10,8,PDABC,16,0.21776345155876697,200000.0,False
10,8,PDABC,17,0.616256140770929,200000.0,False
10,8,PDABC,18,0.4263369213394981,200000.0,False
10,8,PDABC,19,0.7754447344545952,200000.0,False
10,8,PDABC,20,0.1985749174978082,200000.0,False
10,8,PDABC,21,0.2940669568397425,200000.0,False
10,8,PDABC,22,0.4897892421504366,200000.0,False
10,8,PDABC,23,0.8750560996509194,200000.0,False
10,8,PDABC,24,0.8393648098267477,200000.0,False
10,8,PDABC,25,0.7323066807161922,200000.0,False
10,8,PDABC,26,0.7455465093862585,200000.0,False
10,8,PDABC,27,0.38204132300370475,200000.0,False
10,8,PDABC,28,1.2403960437159185,200000.0,False
10,8,PDABC,29,0.5250412114555729,200000.0,False
10,8,PDABC,30,0.5086222862582872,200000.0,False
10,8,ABC,1,3.72457873,200000.0,False
10,8,ABC,2,6.00452865,200000.0,False
10,8,ABC,3,3.45834159,200000.0,False
10,8,ABC,4,3.34541464,200000.0,False
10,8,ABC,5,19.3276558,200000.0,False
10,8,ABC,6,8.40374403,200000.0,False
10,8,ABC,7,6.63177659,200000.0,False
10,8,ABC,8,7.47656639,200000.0,False
10,8,ABC,9,13.2096095,200000.0,False
10,8,ABC,10,5.11671863,200000.0,False
10,8,ABC,11,6.35992096,200000.0,False
10,8,ABC,12,8.46104332,200000.0,False
10,8,ABC,13,5.27738579,200000.0,False
10,8,ABC,14,8.66522077,200000.0,False
10,8,ABC,15,8.13514636,200000.0,False
10,8,ABC,16,2.67567974,200000.0,False
10,8,ABC,17,10.4110893,200000.0,False
10,8,ABC,18,6.99596104,200000.0,False
10,8,ABC,19,4.66978791,200000.0,False
10,8,ABC,20,9.89255373,200000.0,False
10,8,ABC,21,21.8025068,200000.0,False
10,8,ABC,22,3.82708896,200000.0,False
10,8,ABC,23,18.1706425,200000.0,False
10,8,ABC,24,16.0403202,200000.0,False
10,8,ABC,25,25.5780026,200000.0,False
10,8,ABC,26,4.01168678,200000.0,False
10,8,ABC,27,23.2575889,200000.0,False
10,8,ABC,28,8.13160085,200000.0,False
10,8,ABC,29,22.150009,200000.0,False
10,8,ABC,30,17.8401612,200000.0,False
10,8,ZOCMAES,1,21.330499,200000.0,False
10,8,ZOCMAES,2,22.746874,200000.0,False
10,8,ZOCMAES,3,20.530076,200000.0,False
10,8,ZOCMAES,4,24.231399,200000.0,False
10,8,ZOCMAES,5,20.660775,200000.0,False
10,8,ZOCMAES,6,24.810073,200000.0,False
10,8,ZOCMAES,7,23.353868,200000.0,False
10,8,ZOCMAES,8,0.43449,200000.0,False
10,8,ZOCMAES,9,20.412414,200000.0,False
10,8,ZOCMAES,10,20.199877,200000.0,False
10,8,ZOCMAES,11,25.683726,200000.0,False
10,8,ZOCMAES,12,0.851703,200000.0,False
10,8,ZOCMAES,13,21.467688,200000.0,False
10,8,ZOCMAES,14,21.158886,200000.0,False
10,8,ZOCMAES,15,24.449381,200000.0,False
10,8,ZOCMAES,16,20.801786,200000.0,False
10,8,ZOCMAES,17,35.335234,200000.0,False
10,8,ZOCMAES,18,0.829607,200000.0,False
10,8,ZOCMAES,19,26.073469,200000.0,False
10,8,ZOCMAES,20,32.215886,200000.0,False
10,8,ZOCMAES,21,20.285977,200000.0,False
10,8,ZOCMAES,22,21.122669,200000.0,False
10,8,ZOCMAES,23,27.994468,200000.0,False
10,8,ZOCMAES,24,20.250794,200000.0,False
10,8,ZOCMAES,25,35.920553,200000.0,False
10,8,ZOCMAES,26,0.768841,200000.0,False
10,8,ZOCMAES,27,26.63095,200000.0,False
10,8,ZOCMAES,28,21.195145,200000.0,False
10,8,ZOCMAES,29,23.306665,200000.0,False
10,8,ZOCMAES,30,20.802321,200000.0,False
10,8,EA4eigN100_10,1,0.00032033932,200000.0,False
10,8,EA4eigN100_10,2,0.00095112893,200000.0,False
10,8,EA4eigN100_10,3,0.0017235198,200000.0,False
10,8,EA4eigN100_10,4,0.0072316785,200000.0,False
10,8,EA4eigN100_10,5,0.0076883003,200000.0,False
10,8,EA4eigN100_10,6,0.0091980718,200000.0,False
10,8,EA4eigN100_10,7,0.012159774,200000.0,False
10,8,EA4eigN100_10,8,0.013668617,200000.0,False
10,8,EA4eigN100_10,9,0.014863875,200000.0,False
10,8,EA4eigN100_10,10,0.019898304,200000.0,False
10,8,EA4eigN100_10,11,0.023038978,200000.0,False
10,8,EA4eigN100_10,12,0.028546185,200000.0,False
10,8,EA4eigN100_10,13,0.032729166,200000.0,False
10,8,EA4eigN100_10,14,0.040913004,200000.0,False
10,8,EA4eigN100_10,15,0.044076106,200000.0,False
10,8,EA4eigN100_10,16,0.049365041,200000.0,False
10,8,EA4eigN100_10,17,0.061393808,200000.0,False
10,8,EA4eigN100_10,18,0.065821189,200000.0,False
10,8,EA4eigN100_10,19,0.092830963,200000.0,False
10,8,EA4eigN100_10,20,0.096565595,200000.0,False
10,8,EA4eigN100_10,21,0.10561225,200000.0,False
10,8,EA4eigN100_10,22,0.10830682,200000.0,False
10,8,EA4eigN100_10,23,0.11202347,200000.0,False
10,8,EA4eigN100_10,24,0.12017187,200000.0,False
10,8,EA4eigN100_10,25,0.12728042,200000.0,False
10,8,EA4eigN100_10,26,0.14594657,200000.0,False
10,8,EA4eigN100_10,27,0.14805851,200000.0,False
10,8,EA4eigN100_10,28,0.16190772,200000.0,False
10,8,EA4eigN100_10,29,0.21014047,200000.0,False
10,8,EA4eigN100_10,30,0.26441641,200000.0,False
10,8,NL-SHADE-LBC,1,0.027025,200000.0,False
10,8,NL-SHADE-LBC,2,0.0349228,200000.0,False
10,8,NL-SHADE-LBC,3,0.0439543,200000.0,False
10,8,NL-SHADE-LBC,4,0.00470155,200000.0,False
10,8,NL-SHADE-LBC,5,0.0539713,200000.0,False
10,8,NL-SHADE-LBC,6,0.179464,200000.0,False
10,8,NL-SHADE-LBC,7,0.121951,200000.0,False
10,8,NL-SHADE-LBC,8,0.010867,200000.0,False
10,8,NL-SHADE-LBC,9,0.000295908,200000.0,False
10,8,NL-SHADE-LBC,10,0.0715813,200000.0,False
10,8,NL-SHADE-LBC,11,0.0246004,200000.0,False
10,8,NL-SHADE-LBC,12,0.01196,200000.0,False
10,8,NL-SHADE-LBC,13,0.0132865,200000.0,False
10,8,NL-SHADE-LBC,14,0.0739178,200000.0,False
10,8,NL-SHADE-LBC,15,0.0307105,200000.0,False
10,8,NL-SHADE-LBC,16,0.0830161,200000.0,False
10,8,NL-SHADE-LBC,17,0.0211177,200000.0,False
10,8,NL-SHADE-LBC,18,0.0235038,200000.0,False
10,8,NL-SHADE-LBC,19,0.00847396,200000.0,False
10,8,NL-SHADE-LBC,20,0.0489562,200000.0,False
10,8,NL-SHADE-LBC,21,0.0878057,200000.0,False
10,8,NL-SHADE-LBC,22,0.0284415,200000.0,False
10,8,NL-SHADE-LBC,23,0.0661687,200000.0,False
10,8,NL-SHADE-LBC,24,0.0600765,200000.0,False
10,8,NL-SHADE-LBC,25,0.0285561,200000.0,False
10,8,NL-SHADE-LBC,26,0.0497378,200000.0,False
10,8,NL-SHADE-LBC,27,0.0650759,200000.0,False
10,8,NL-SHADE-LBC,28,0.0309171,200000.0,False
10,8,NL-SHADE-LBC,29,0.00416746,200000.0,False
10,8,NL-SHADE-LBC,30,0.0707902,200000.0,False
10,8,S_LSHADE_DP,1,0.6607367,200000.0,False
10,8,S_LSHADE_DP,2,0.01416674,200000.0,False
10,8,S_LSHADE_DP,3,0.001763444,200000.0,False
10,8,S_LSHADE_DP,4,3.80675e-05,200000.0,False
10,8,S_LSHADE_DP,5,0.06118362,200000.0,False
10,8,S_LSHADE_DP,6,0.01793482,200000.0,False
10,8,S_LSHADE_DP,7,0.6445387,200000.0,False
10,8,S_LSHADE_DP,8,0.001458498,200000.0,False
10,8,S_LSHADE_DP,9,0.6609961,200000.0,False
10,8,S_LSHADE_DP,10,0.0686613,200000.0,False
10,8,S_LSHADE_DP,11,0.1763642,200000.0,False
10,8,S_LSHADE_DP,12,0.02081905,200000.0,False
10,8,S_LSHADE_DP,13,0.6245265,200000.0,False
10,8,S_LSHADE_DP,14,1.523982e-06,200000.0,False
10,8,S_LSHADE_DP,15,1.662798e-05,200000.0,False
10,8,S_LSHADE_DP,16,0.6250414,200000.0,False
10,8,S_LSHADE_DP,17,0.00445284,200000.0,False
10,8,S_LSHADE_DP,18,0.638932,200000.0,False
10,8,S_LSHADE_DP,19,0.009929875,200000.0,False
10,8,S_LSHADE_DP,20,0.6245954,200000.0,False
10,8,S_LSHADE_DP,21,0.04420835,200000.0,False
10,8,S_LSHADE_DP,22,0.000598949,200000.0,False
10,8,S_LSHADE_DP,23,0.01389787,200000.0,False
10,8,S_LSHADE_DP,24,0.05236094,200000.0,False
10,8,S_LSHADE_DP,25,0.6248051,200000.0,False
10,8,S_LSHADE_DP,26,0.008547509,200000.0,False
10,8,S_LSHADE_DP,27,0.02551096,200000.0,False
10,8,S_LSHADE_DP,28,0.00093182,200000.0,False
10,8,S_LSHADE_DP,29,0.04384865,200000.0,False
10,8,S_LSHADE_DP,30,0.0007762167,200000.0,False
10,8,NL-SHADE-RSP-MID,1,0.0106104,200000.0,False
10,8,NL-SHADE-RSP-MID,2,0.0230336,200000.0,False
10,8,NL-SHADE-RSP-MID,3,0.0141046,200000.0,False
10,8,NL-SHADE-RSP-MID,4,0.203114,200000.0,False
10,8,NL-SHADE-RSP-MID,5,0.65529,200000.0,False
10,8,NL-SHADE-RSP-MID,6,0.625976,200000.0,False
10,8,NL-SHADE-RSP-MID,7,0.0540612,200000.0,False
10,8,NL-SHADE-RSP-MID,8,0.00670938,200000.0,False
10,8,NL-SHADE-RSP-MID,9,0.0996636,200000.0,False
10,8,NL-SHADE-RSP-MID,10,0.0260339,200000.0,False
10,8,NL-SHADE-RSP-MID,11,0.38093,200000.0,False
10,8,NL-SHADE-RSP-MID,12,0.65341,200000.0,False
10,8,NL-SHADE-RSP-MID,13,0.0731062,200000.0,False
10,8,NL-SHADE-RSP-MID,14,0.0887435,200000.0,False
10,8,NL-SHADE-RSP-MID,15,0.0156193,200000.0,False
10,8,NL-SHADE-RSP-MID,16,0.0270035,200000.0,False
10,8,NL-SHADE-RSP-MID,17,0.624117,200000.0,False
10,8,NL-SHADE-RSP-MID,18,0.629442,200000.0,False
10,8,NL-SHADE-RSP-MID,19,0.0208544,200000.0,False
10,8,NL-SHADE-RSP-MID,20,0.110754,200000.0,False
10,8,NL-SHADE-RSP-MID,21,0.0641863,200000.0,False
10,8,NL-SHADE-RSP-MID,22,0.654974,200000.0,False
10,8,NL-SHADE-RSP-MID,23,0.0172185,200000.0,False
10,8,NL-SHADE-RSP-MID,24,0.0246513,200000.0,False
10,8,NL-SHADE-RSP-MID,25,0.00082147,200000.0,False
10,8,NL-SHADE-RSP-MID,26,9.39343e-05,200000.0,False
10,8,NL-SHADE-RSP-MID,27,0.657879,200000.0,False
10,8,NL-SHADE-RSP-MID,28,0.630781,200000.0,False
10,8,NL-SHADE-RSP-MID,29,0.100797,200000.0,False
10,8,NL-SHADE-RSP-MID,30,0.63428,200000.0,False
10,8,Co-PPSO,1,20.643714,200000.0,False
10,8,Co-PPSO,2,20.831353,200000.0,False
10,8,Co-PPSO,3,20.774877,200000.0,False
10,8,Co-PPSO,4,21.057948,200000.0,False
10,8,Co-PPSO,5,20.16359,200000.0,False
10,8,Co-PPSO,6,20.361887,200000.0,False
10,8,Co-PPSO,7,21.97977,200000.0,False
10,8,Co-PPSO,8,20.624053,200000.0,False
10,8,Co-PPSO,9,20.660732,200000.0,False
10,8,Co-PPSO,10,22.213272,200000.0,False
10,8,Co-PPSO,11,0.88267284,200000.0,False
10,8,Co-PPSO,12,20.884922,200000.0,False
10,8,Co-PPSO,13,21.342735,200000.0,False
10,8,Co-PPSO,14,20.30231,200000.0,False
10,8,Co-PPSO,15,0.12158648,200000.0,False
10,8,Co-PPSO,16,20.289136,200000.0,False
10,8,Co-PPSO,17,20.974947,200000.0,False
10,8,Co-PPSO,18,20.150781,200000.0,False
10,8,Co-PPSO,19,21.006132,200000.0,False
10,8,Co-PPSO,20,0.65641731,200000.0,False
10,8,Co-PPSO,21,20.893282,200000.0,False
10,8,Co-PPSO,22,20.598038,200000.0,False
10,8,Co-PPSO,23,0.83290884,200000.0,False
10,8,Co-PPSO,24,0.69085678,200000.0,False
10,8,Co-PPSO,25,20.838076,200000.0,False
10,8,Co-PPSO,26,0.10193374,200000.0,False
10,8,Co-PPSO,27,22.423743,200000.0,False
10,8,Co-PPSO,28,0.24214926,200000.0,False
10,8,Co-PPSO,29,20.368797,200000.0,False
10,8,Co-PPSO,30,0.12568453,200000.0,False
10,8,NLSOMACLP,1,0.632598296,200000.0,False
10,8,NLSOMACLP,2,0.0304905955,200000.0,False
10,8,NLSOMACLP,3,0.106429724,200000.0,False
10,8,NLSOMACLP,4,0.094603513,200000.0,False
10,8,NLSOMACLP,5,0.624941123,200000.0,False
10,8,NLSOMACLP,6,0.00880670601,200000.0,False
10,8,NLSOMACLP,7,0.0194719976,200000.0,False
10,8,NLSOMACLP,8,0.0255122063,200000.0,False
10,8,NLSOMACLP,9,0.0559245171,200000.0,False
10,8,NLSOMACLP,10,0.15254386,200000.0,False
10,8,NLSOMACLP,11,0.0476174096,200000.0,False
10,8,NLSOMACLP,12,0.00799836222,200000.0,False
10,8,NLSOMACLP,13,0.650338313,200000.0,False
10,8,NLSOMACLP,14,0.0508367715,200000.0,False
10,8,NLSOMACLP,15,0.766983577,200000.0,False
10,8,NLSOMACLP,16,0.0305877643,200000.0,False
10,8,NLSOMACLP,17,0.206190368,200000.0,False
10,8,NLSOMACLP,18,0.0548815434,200000.0,False
10,8,NLSOMACLP,19,0.037991175,200000.0,False
10,8,NLSOMACLP,20,0.716909265,200000.0,False
10,8,NLSOMACLP,21,0.0879803284,200000.0,False
10,8,NLSOMACLP,22,0.0549403332,200000.0,False
10,8,NLSOMACLP,23,0.0279313035,200000.0,False
10,8,NLSOMACLP,24,0.0341704481,200000.0,False
10,8,NLSOMACLP,25,0.661702033,200000.0,False
10,8,NLSOMACLP,26,0.104712275,200000.0,False
10,8,NLSOMACLP,27,0.670605026,200000.0,False
10,8,NLSOMACLP,28,0.760050844,200000.0,False
10,8,NLSOMACLP,29,0.0880049208,200000.0,False
10,8,NLSOMACLP,30,0.0173444109,200000.0,False
10,9,PDABC,1,1e-08,33575.0,True
10,9,PDABC,2,1e-08,40301.0,True
10,9,PDABC,3,1e-08,36779.0,True
10,9,PDABC,4,1e-08,42236.0,True
10,9,PDABC,5,1e-08,43003.0,True
10,9,PDABC,6,1e-08,42044.0,True
10,9,PDABC,7,1e-08,50859.0,True
10,9,PDABC,8,1e-08,35384.0,True
10,9,PDABC,9,1e-08,41074.0,True
10,9,PDABC,10,1e-08,53129.0,True
10,9,PDABC,11,1e-08,49105.0,True
10,9,PDABC,12,1e-08,33933.0,True
10,9,PDABC,13,1e-08,36564.0,True
10,9,PDABC,14,1e-08,40786.0,True
10,9,PDABC,15,1e-08,33144.0,True
10,9,PDABC,16,1e-08,55461.0,True
10,9,PDABC,17,1e-08,35988.0,True
10,9,PDABC,18,1e-08,41869.0,True
10,9,PDABC,19,1e-08,34784.0,True
10,9,PDABC,20,1e-08,58915.0,True
10,9,PDABC,21,1e-08,38644.0,True
10,9,PDABC,22,1e-08,34232.0,True
10,9,PDABC,23,1e-08,32312.0,True
10,9,PDABC,24,1e-08,49713.0,True
10,9,PDABC,25,1e-08,49309.0,True
10,9,PDABC,26,1e-08,37120.0,True
10,9,PDABC,27,1e-08,37691.0,True
10,9,PDABC,28,1e-08,61154.0,True
10,9,PDABC,29,1e-08,40279.0,True
10,9,PDABC,30,1e-08,52126.0,True
10,9,ABC,1,0.433891923,200000.0,False
10,9,ABC,2,0.591566306,200000.0,False
10,9,ABC,3,360.396273,200000.0,False
10,9,ABC,4,0.432248633,200000.0,False
10,9,ABC,5,0.370682174,200000.0,False
10,9,ABC,6,2.34495707,200000.0,False
10,9,ABC,7,359.230307,200000.0,False
10,9,ABC,8,1.60438486,200000.0,False
10,9,ABC,9,8.45648958,200000.0,False
10,9,ABC,10,0.570363502,200000.0,False
10,9,ABC,11,0.994837858,200000.0,False
10,9,ABC,12,0.952264767,200000.0,False
10,9,ABC,13,0.999585238,200000.0,False
10,9,ABC,14,0.800693716,200000.0,False
10,9,ABC,15,1.76179159,200000.0,False
10,9,ABC,16,0.490703782,200000.0,False
10,9,ABC,17,359.651171,200000.0,False
10,9,ABC,18,0.612585103,200000.0,False
10,9,ABC,19,359.759876,200000.0,False
10,9,ABC,20,0.954362788,200000.0,False
10,9,ABC,21,0.508858293,200000.0,False
10,9,ABC,22,2.10278043,200000.0,False
10,9,ABC,23,2.29114039,200000.0,False
10,9,ABC,24,359.873132,200000.0,False
10,9,ABC,25,0.219285127,200000.0,False
10,9,ABC,26,359.279205,200000.0,False
10,9,ABC,27,0.387323036,200000.0,False
10,9,ABC,28,3.25861387,200000.0,False
10,9,ABC,29,0.427412653,200000.0,False
10,9,ABC,30,0.988678309,200000.0,False
10,9,ZOCMAES,1,229.199051,200000.0,False
10,9,ZOCMAES,2,229.198925,200000.0,False
10,9,ZOCMAES,3,229.284383,200000.0,False
10,9,ZOCMAES,4,229.284383,200000.0,False
10,9,ZOCMAES,5,229.284383,200000.0,False
10,9,ZOCMAES,6,229.284383,200000.0,False
10,9,ZOCMAES,7,229.284383,200000.0,False
10,9,ZOCMAES,8,229.284383,200000.0,False
10,9,ZOCMAES,9,229.284383,200000.0,False
10,9,ZOCMAES,10,229.284383,200000.0,False
10,9,ZOCMAES,11,229.284383,200000.0,False
10,9,ZOCMAES,12,229.199111,200000.0,False
10,9,ZOCMAES,13,229.199101,200000.0,False
10,9,ZOCMAES,14,229.198917,200000.0,False
10,9,ZOCMAES,15,229.199108,200000.0,False
10,9,ZOCMAES,16,229.198941,200000.0,False
10,9,ZOCMAES,17,229.199052,200000.0,False
10,9,ZOCMAES,18,229.198715,200000.0,False
10,9,ZOCMAES,19,229.199055,200000.0,False
10,9,ZOCMAES,20,229.199092,200000.0,False
10,9,ZOCMAES,21,229.198983,200000.0,False
10,9,ZOCMAES,22,229.199004,200000.0,False
10,9,ZOCMAES,23,229.199057,200000.0,False
10,9,ZOCMAES,24,229.199125,200000.0,False
10,9,ZOCMAES,25,229.199044,200000.0,False
10,9,ZOCMAES,26,229.284383,200000.0,False
10,9,ZOCMAES,27,229.199066,200000.0,False
10,9,ZOCMAES,28,229.284383,200000.0,False
10,9,ZOCMAES,29,229.284383,200000.0,False
10,9,ZOCMAES,30,229.198987,200000.0,False
10,9,EA4eigN100_10,1,185.5017,200000.0,False
10,9,EA4eigN100_10,2,185.5017,200000.0,False
10,9,EA4eigN100_10,3,185.5017,200000.0,False
10,9,EA4eigN100_10,4,185.5017,200000.0,False
10,9,EA4eigN100_10,5,185.5017,200000.0,False
10,9,EA4eigN100_10,6,185.5017,200000.0,False
10,9,EA4eigN100_10,7,185.5017,200000.0,False
10,9,EA4eigN100_10,8,185.5017,200000.0,False
10,9,EA4eigN100_10,9,185.5017,200000.0,False
10,9,EA4eigN100_10,10,185.5017,200000.0,False
10,9,EA4eigN100_10,11,185.5017,200000.0,False
10,9,EA4eigN100_10,12,185.5017,200000.0,False
10,9,EA4eigN100_10,13,185.5017,200000.0,False
10,9,EA4eigN100_10,14,185.5017,200000.0,False
10,9,EA4eigN100_10,15,185.5017,200000.0,False
10,9,EA4eigN100_10,16,185.5017,200000.0,False
10,9,EA4eigN100_10,17,185.5017,200000.0,False
10,9,EA4eigN100_10,18,185.5017,200000.0,False
10,9,EA4eigN100_10,19,185.5017,200000.0,False
10,9,EA4eigN100_10,20,185.5017,200000.0,False
10,9,EA4eigN100_10,21,185.5017,200000.0,False
10,9,EA4eigN100_10,22,185.5017,200000.0,False
10,9,EA4eigN100_10,23,185.5017,200000.0,False
10,9,EA4eigN100_10,24,185.5017,200000.0,False
10,9,EA4eigN100_10,25,185.5017,200000.0,False
10,9,EA4eigN100_10,26,185.5017,200000.0,False
10,9,EA4eigN100_10,27,185.5017,200000.0,False
10,9,EA4eigN100_10,28,185.5017,200000.0,False
10,9,EA4eigN100_10,29,185.5017,200000.0,False
10,9,EA4eigN100_10,30,185.5017,200000.0,False
10,9,NL-SHADE-LBC,1,229.284,200000.0,False
10,9,NL-SHADE-LBC,2,229.284,200000.0,False
10,9,NL-SHADE-LBC,3,229.284,200000.0,False
10,9,NL-SHADE-LBC,4,229.284,200000.0,False
10,9,NL-SHADE-LBC,5,229.284,200000.0,False
10,9,NL-SHADE-LBC,6,229.284,200000.0,False
10,9,NL-SHADE-LBC,7,229.284,200000.0,False
10,9,NL-SHADE-LBC,8,229.284,200000.0,False
10,9,NL-SHADE-LBC,9,229.284,200000.0,False
10,9,NL-SHADE-LBC,10,229.284,200000.0,False
10,9,NL-SHADE-LBC,11,229.284,200000.0,False
10,9,NL-SHADE-LBC,12,229.284,200000.0,False
10,9,NL-SHADE-LBC,13,229.284,200000.0,False
10,9,NL-SHADE-LBC,14,229.284,200000.0,False
10,9,NL-SHADE-LBC,15,229.284,200000.0,False
10,9,NL-SHADE-LBC,16,229.284,200000.0,False
10,9,NL-SHADE-LBC,17,229.284,200000.0,False
10,9,NL-SHADE-LBC,18,229.284,200000.0,False
10,9,NL-SHADE-LBC,19,229.284,200000.0,False
10,9,NL-SHADE-LBC,20,229.284,200000.0,False
10,9,NL-SHADE-LBC,21,229.284,200000.0,False
10,9,NL-SHADE-LBC,22,229.284,200000.0,False
10,9,NL-SHADE-LBC,23,229.284,200000.0,False
10,9,NL-SHADE-LBC,24,229.284,200000.0,False
10,9,NL-SHADE-LBC,25,229.284,200000.0,False
10,9,NL-SHADE-LBC,26,229.284,200000.0,False
10,9,NL-SHADE-LBC,27,229.284,200000.0,False
10,9,NL-SHADE-LBC,28,229.284,200000.0,False
10,9,NL-SHADE-LBC,29,229.284,200000.0,False
10,9,NL-SHADE-LBC,30,229.284,200000.0,False
10,9,S_LSHADE_DP,1,0.0,132067.0,True
10,9,S_LSHADE_DP,2,229.2844,200000.0,False
10,9,S_LSHADE_DP,3,229.2844,200000.0,False
10,9,S_LSHADE_DP,4,229.2844,200000.0,False
10,9,S_LSHADE_DP,5,229.2844,200000.0,False
10,9,S_LSHADE_DP,6,229.2844,200000.0,False
10,9,S_LSHADE_DP,7,229.2844,200000.0,False
10,9,S_LSHADE_DP,8,229.2844,200000.0,False
10,9,S_LSHADE_DP,9,229.2844,200000.0,False
10,9,S_LSHADE_DP,10,229.2844,200000.0,False
10,9,S_LSHADE_DP,11,229.2844,200000.0,False
10,9,S_LSHADE_DP,12,229.2844,200000.0,False
10,9,S_LSHADE_DP,13,229.2844,200000.0,False
10,9,S_LSHADE_DP,14,229.2844,200000.0,False
10,9,S_LSHADE_DP,15,229.2844,200000.0,False
10,9,S_LSHADE_DP,16,229.2844,200000.0,False
10,9,S_LSHADE_DP,17,229.2844,200000.0,False
10,9,S_LSHADE_DP,18,229.2844,200000.0,False
10,9,S_LSHADE_DP,19,229.2844,200000.0,False
10,9,S_LSHADE_DP,20,229.2844,200000.0,False
10,9,S_LSHADE_DP,21,229.2844,200000.0,False
10,9,S_LSHADE_DP,22,229.2844,200000.0,False
10,9,S_LSHADE_DP,23,0.0,128848.0,True
10,9,S_LSHADE_DP,24,0.0,129266.0,True
10,9,S_LSHADE_DP,25,0.0,128924.0,True
10,9,S_LSHADE_DP,26,229.2844,200000.0,False
10,9,S_LSHADE_DP,27,229.2844,200000.0,False
10,9,S_LSHADE_DP,28,0.0,129760.0,True
10,9,S_LSHADE_DP,29,229.2844,200000.0,False
10,9,S_LSHADE_DP,30,229.2844,200000.0,False
10,9,NL-SHADE-RSP-MID,1,229.284,200000.0,False
10,9,NL-SHADE-RSP-MID,2,229.284,200000.0,False
10,9,NL-SHADE-RSP-MID,3,229.284,200000.0,False
10,9,NL-SHADE-RSP-MID,4,229.284,200000.0,False
10,9,NL-SHADE-RSP-MID,5,229.284,200000.0,False
10,9,NL-SHADE-RSP-MID,6,229.284,200000.0,False
10,9,NL-SHADE-RSP-MID,7,229.284,200000.0,False
10,9,NL-SHADE-RSP-MID,8,229.284,200000.0,False
10,9,NL-SHADE-RSP-MID,9,229.284,200000.0,False
10,9,NL-SHADE-RSP-MID,10,229.284,200000.0,False
10,9,NL-SHADE-RSP-MID,11,229.284,200000.0,False
10,9,NL-SHADE-RSP-MID,12,229.284,200000.0,False
10,9,NL-SHADE-RSP-MID,13,229.284,200000.0,False
10,9,NL-SHADE-RSP-MID,14,229.284,200000.0,False
10,9,NL-SHADE-RSP-MID,15,229.284,200000.0,False
10,9,NL-SHADE-RSP-MID,16,229.284,200000.0,False
10,9,NL-SHADE-RSP-MID,17,229.284,200000.0,False
10,9,NL-SHADE-RSP-MID,18,229.284,200000.0,False
10,9,NL-SHADE-RSP-MID,19,229.284,200000.0,False
10,9,NL-SHADE-RSP-MID,20,229.284,200000.0,False
10,9,NL-SHADE-RSP-MID,21,229.284,200000.0,False
10,9,NL-SHADE-RSP-MID,22,229.284,200000.0,False
10,9,NL-SHADE-RSP-MID,23,229.284,200000.0,False
10,9,NL-SHADE-RSP-MID,24,229.284,200000.0,False
10,9,NL-SHADE-RSP-MID,25,229.284,200000.0,False
10,9,NL-SHADE-RSP-MID,26,229.284,200000.0,False
10,9,NL-SHADE-RSP-MID,27,229.284,200000.0,False
10,9,NL-SHADE-RSP-MID,28,229.284,200000.0,False
10,9,NL-SHADE-RSP-MID,29,229.284,200000.0,False
10,9,NL-SHADE-RSP-MID,30,229.284,200000.0,False
10,9,Co-PPSO,1,229.79667,200000.0,False
10,9,Co-PPSO,2,229.65755,200000.0,False
10,9,Co-PPSO,3,229.71572,200000.0,False
10,9,Co-PPSO,4,229.6311,200000.0,False
10,9,Co-PPSO,5,229.6859,200000.0,False
10,9,Co-PPSO,6,229.85866,200000.0,False
10,9,Co-PPSO,7,229.84568,200000.0,False
10,9,Co-PPSO,8,229.75934,200000.0,False
10,9,Co-PPSO,9,229.75687,200000.0,False
10,9,Co-PPSO,10,229.64385,200000.0,False
10,9,Co-PPSO,11,229.71937,200000.0,False
10,9,Co-PPSO,12,229.59972,200000.0,False
10,9,Co-PPSO,13,229.70993,200000.0,False
10,9,Co-PPSO,14,229.92529,200000.0,False
10,9,Co-PPSO,15,229.69515,200000.0,False
10,9,Co-PPSO,16,229.6926,200000.0,False
10,9,Co-PPSO,17,229.76005,200000.0,False
10,9,Co-PPSO,18,229.66862,200000.0,False
10,9,Co-PPSO,19,229.77432,200000.0,False
10,9,Co-PPSO,20,229.78841,200000.0,False
10,9,Co-PPSO,21,229.79235,200000.0,False
10,9,Co-PPSO,22,229.74658,200000.0,False
10,9,Co-PPSO,23,229.64186,200000.0,False
10,9,Co-PPSO,24,229.72569,200000.0,False
10,9,Co-PPSO,25,229.86888,200000.0,False
10,9,Co-PPSO,26,229.63335,200000.0,False
10,9,Co-PPSO,27,229.53389,200000.0,False
10,9,Co-PPSO,28,229.66495,200000.0,False
10,9,Co-PPSO,29,229.75347,200000.0,False
10,9,Co-PPSO,30,229.81179,200000.0,False
10,9,NLSOMACLP,1,229.284383,200000.0,False
10,9,NLSOMACLP,2,229.284383,200000.0,False
10,9,NLSOMACLP,3,229.284383,200000.0,False
10,9,NLSOMACLP,4,229.284383,200000.0,False
10,9,NLSOMACLP,5,229.284383,200000.0,False
10,9,NLSOMACLP,6,229.284383,200000.0,False
10,9,NLSOMACLP,7,229.284383,200000.0,False
10,9,NLSOMACLP,8,229.284383,200000.0,False
10,9,NLSOMACLP,9,229.284383,200000.0,False
10,9,NLSOMACLP,10,229.284383,200000.0,False
10,9,NLSOMACLP,11,229.284383,200000.0,False
10,9,NLSOMACLP,12,229.284383,200000.0,False
10,9,NLSOMACLP,13,229.284383,200000.0,False
10,9,NLSOMACLP,14,229.284383,200000.0,False
10,9,NLSOMACLP,15,229.284383,200000.0,False
10,9,NLSOMACLP,16,229.284383,200000.0,False
10,9,NLSOMACLP,17,229.284383,200000.0,False
10,9,NLSOMACLP,18,229.284383,200000.0,False
10,9,NLSOMACLP,19,229.284383,200000.0,False
10,9,NLSOMACLP,20,229.284383,200000.0,False
10,9,NLSOMACLP,21,229.284383,200000.0,False
10,9,NLSOMACLP,22,229.284383,200000.0,False
10,9,NLSOMACLP,23,229.284383,200000.0,False
10,9,NLSOMACLP,24,229.284383,200000.0,False
10,9,NLSOMACLP,25,229.284383,200000.0,False
10,9,NLSOMACLP,26,229.284383,200000.0,False
10,9,NLSOMACLP,27,229.284383,200000.0,False
10,9,NLSOMACLP,28,229.284383,200000.0,False
10,9,NLSOMACLP,29,229.284383,200000.0,False
10,9,NLSOMACLP,30,229.284383,200000.0,False
10,10,PDABC,1,1e-08,926.0,True
10,10,PDABC,2,1e-08,555.0,True
10,10,PDABC,3,1e-08,135.0,True
10,10,PDABC,4,1e-08,442.0,True
10,10,PDABC,5,1e-08,1864.0,True
10,10,PDABC,6,1e-08,809.0,True
10,10,PDABC,7,1e-08,2000.0,True
10,10,PDABC,8,1e-08,39.0,True
10,10,PDABC,9,1e-08,398.0,True
10,10,PDABC,10,1e-08,1813.0,True
10,10,PDABC,11,1e-08,1406.0,True
10,10,PDABC,12,1e-08,544.0,True
10,10,PDABC,13,1e-08,2721.0,True
10,10,PDABC,14,1e-08,426.0,True
10,10,PDABC,15,1e-08,2370.0,True
10,10,PDABC,16,1e-08,1272.0,True
10,10,PDABC,17,1e-08,4879.0,True
10,10,PDABC,18,1e-08,139.0,True
10,10,PDABC,19,1e-08,508.0,True
10,10,PDABC,20,1e-08,501.0,True
10,10,PDABC,21,1e-08,371.0,True
10,10,PDABC,22,1e-08,1869.0,True
10,10,PDABC,23,1e-08,1327.0,True
10,10,PDABC,24,1e-08,3423.0,True
10,10,PDABC,25,1e-08,317.0,True
10,10,PDABC,26,1e-08,1038.0,True
10,10,PDABC,27,1e-08,1030.0,True
10,10,PDABC,28,1e-08,563.0,True
10,10,PDABC,29,1e-08,1530.0,True
10,10,PDABC,30,1e-08,1038.0,True
10,10,ABC,1,1e-08,447.0,True
10,10,ABC,2,1e-08,449.0,True
10,10,ABC,3,1e-08,2652.0,True
10,10,ABC,4,1e-08,1083.0,True
10,10,ABC,5,1e-08,381.0,True
10,10,ABC,6,1e-08,1651.0,True
10,10,ABC,7,1e-08,725.0,True
10,10,ABC,8,1e-08,620.0,True
10,10,ABC,9,1e-08,1025.0,True
10,10,ABC,10,1e-08,269.0,True
10,10,ABC,11,1e-08,122.0,True
10,10,ABC,12,1e-08,730.0,True
10,10,ABC,13,1e-08,555.0,True
10,10,ABC,14,1e-08,433.0,True
10,10,ABC,15,1e-08,503.0,True
10,10,ABC,16,1e-08,1447.0,True
10,10,ABC,17,1e-08,492.0,True
10,10,ABC,18,1e-08,309.0,True
10,10,ABC,19,1e-08,670.0,True
10,10,ABC,20,1e-08,262.0,True
10,10,ABC,21,1e-08,690.0,True
10,10,ABC,22,1e-08,727.0,True
10,10,ABC,23,1e-08,619.0,True
10,10,ABC,24,1e-08,735.0,True
10,10,ABC,25,1e-08,1211.0,True
10,10,ABC,26,1e-08,248.0,True
10,10,ABC,27,1e-08,691.0,True
10,10,ABC,28,1e-08,1044.0,True
10,10,ABC,29,1e-08,265.0,True
10,10,ABC,30,1e-08,443.0,True
10,10,ZOCMAES,1,100.377534,200000.0,False
10,10,ZOCMAES,2,100.376076,200000.0,False
10,10,ZOCMAES,3,100.410746,200000.0,False
10,10,ZOCMAES,4,262.451804,200000.0,False
10,10,ZOCMAES,5,100.539442,200000.0,False
10,10,ZOCMAES,6,100.406584,200000.0,False
10,10,ZOCMAES,7,244.734859,200000.0,False
10,10,ZOCMAES,8,100.523767,200000.0,False
10,10,ZOCMAES,9,237.159991,200000.0,False
10,10,ZOCMAES,10,100.567624,200000.0,False
10,10,ZOCMAES,11,100.52588,200000.0,False
10,10,ZOCMAES,12,100.489993,200000.0,False
10,10,ZOCMAES,13,254.586353,200000.0,False
10,10,ZOCMAES,14,212.988435,200000.0,False
10,10,ZOCMAES,15,100.231999,200000.0,False
10,10,ZOCMAES,16,100.585216,200000.0,False
10,10,ZOCMAES,17,100.575779,200000.0,False
10,10,ZOCMAES,18,100.765519,200000.0,False
10,10,ZOCMAES,19,100.405206,200000.0,False
10,10,ZOCMAES,20,175.028199,200000.0,False
10,10,ZOCMAES,21,100.320611,200000.0,False
10,10,ZOCMAES,22,209.370582,200000.0,False
10,10,ZOCMAES,23,100.340684,200000.0,False
10,10,ZOCMAES,24,100.322301,200000.0,False
10,10,ZOCMAES,25,161.166963,200000.0,False
10,10,ZOCMAES,26,165.787539,200000.0,False
10,10,ZOCMAES,27,100.675761,200000.0,False
10,10,ZOCMAES,28,100.476171,200000.0,False
10,10,ZOCMAES,29,100.55438,200000.0,False
10,10,ZOCMAES,30,100.436042,200000.0,False
10,10,EA4eigN100_10,1,100.08443,200000.0,False
10,10,EA4eigN100_10,2,100.10298,200000.0,False
10,10,EA4eigN100_10,3,100.11041,200000.0,False
10,10,EA4eigN100_10,4,100.11107,200000.0,False
10,10,EA4eigN100_10,5,100.11925,200000.0,False
10,10,EA4eigN100_10,6,100.12055,200000.0,False
10,10,EA4eigN100_10,7,100.1225,200000.0,False
10,10,EA4eigN100_10,8,100.12252,200000.0,False
10,10,EA4eigN100_10,9,100.12778,200000.0,False
10,10,EA4eigN100_10,10,100.1305,200000.0,False
10,10,EA4eigN100_10,11,100.13321,200000.0,False
10,10,EA4eigN100_10,12,100.14122,200000.0,False
10,10,EA4eigN100_10,13,100.14783,200000.0,False
10,10,EA4eigN100_10,14,100.15529,200000.0,False
10,10,EA4eigN100_10,15,100.15798,200000.0,False
10,10,EA4eigN100_10,16,100.1586,200000.0,False
10,10,EA4eigN100_10,17,100.1633,200000.0,False
10,10,EA4eigN100_10,18,100.17089,200000.0,False
10,10,EA4eigN100_10,19,100.17375,200000.0,False
10,10,EA4eigN100_10,20,100.1803,200000.0,False
10,10,EA4eigN100_10,21,100.1814,200000.0,False
10,10,EA4eigN100_10,22,100.18277,200000.0,False
10,10,EA4eigN100_10,23,100.18391,200000.0,False
10,10,EA4eigN100_10,24,100.19335,200000.0,False
10,10,EA4eigN100_10,25,100.19354,200000.0,False
10,10,EA4eigN100_10,26,100.19687,200000.0,False
10,10,EA4eigN100_10,27,100.19788,200000.0,False
10,10,EA4eigN100_10,28,100.20852,200000.0,False
10,10,EA4eigN100_10,29,100.20869,200000.0,False
10,10,EA4eigN100_10,30,100.21318,200000.0,False
10,10,NL-SHADE-LBC,1,100.119,200000.0,False
10,10,NL-SHADE-LBC,2,100.12,200000.0,False
10,10,NL-SHADE-LBC,3,100.089,200000.0,False
10,10,NL-SHADE-LBC,4,100.136,200000.0,False
10,10,NL-SHADE-LBC,5,100.117,200000.0,False
10,10,NL-SHADE-LBC,6,100.165,200000.0,False
10,10,NL-SHADE-LBC,7,100.147,200000.0,False
10,10,NL-SHADE-LBC,8,100.138,200000.0,False
10,10,NL-SHADE-LBC,9,100.126,200000.0,False
10,10,NL-SHADE-LBC,10,100.185,200000.0,False
10,10,NL-SHADE-LBC,11,100.132,200000.0,False
10,10,NL-SHADE-LBC,12,100.133,200000.0,False
10,10,NL-SHADE-LBC,13,100.07,200000.0,False
10,10,NL-SHADE-LBC,14,100.071,200000.0,False
10,10,NL-SHADE-LBC,15,100.164,200000.0,False
10,10,NL-SHADE-LBC,16,100.137,200000.0,False
10,10,NL-SHADE-LBC,17,100.149,200000.0,False
10,10,NL-SHADE-LBC,18,100.138,200000.0,False
10,10,NL-SHADE-LBC,19,100.136,200000.0,False
10,10,NL-SHADE-LBC,20,100.104,200000.0,False
10,10,NL-SHADE-LBC,21,100.144,200000.0,False
10,10,NL-SHADE-LBC,22,100.161,200000.0,False
10,10,NL-SHADE-LBC,23,100.156,200000.0,False
10,10,NL-SHADE-LBC,24,100.194,200000.0,False
10,10,NL-SHADE-LBC,25,100.104,200000.0,False
10,10,NL-SHADE-LBC,26,100.121,200000.0,False
10,10,NL-SHADE-LBC,27,100.117,200000.0,False
10,10,NL-SHADE-LBC,28,100.162,200000.0,False
10,10,NL-SHADE-LBC,29,100.174,200000.0,False
10,10,NL-SHADE-LBC,30,100.164,200000.0,False
10,10,S_LSHADE_DP,1,0.0,112988.0,True
10,10,S_LSHADE_DP,2,0.0,128865.0,True
10,10,S_LSHADE_DP,3,0.0,105818.0,True
10,10,S_LSHADE_DP,4,0.0,114081.0,True
10,10,S_LSHADE_DP,5,0.0,111139.0,True
10,10,S_LSHADE_DP,6,0.0,128491.0,True
10,10,S_LSHADE_DP,7,0.0,105524.0,True
10,10,S_LSHADE_DP,8,0.0,95593.0,True
10,10,S_LSHADE_DP,9,0.0,95593.0,True
10,10,S_LSHADE_DP,10,0.0,99633.0,True
10,10,S_LSHADE_DP,11,0.0,108442.0,True
10,10,S_LSHADE_DP,12,0.0,117294.0,True
10,10,S_LSHADE_DP,13,0.0,108394.0,True
10,10,S_LSHADE_DP,14,0.0,101650.0,True
10,10,S_LSHADE_DP,15,0.3539676,200000.0,False
10,10,S_LSHADE_DP,16,0.0,104829.0,True
10,10,S_LSHADE_DP,17,0.02165723,200000.0,False
10,10,S_LSHADE_DP,18,0.0,111561.0,True
10,10,S_LSHADE_DP,19,0.0,118936.0,True
10,10,S_LSHADE_DP,20,0.0,134586.0,True
10,10,S_LSHADE_DP,21,0.0,87696.0,True
10,10,S_LSHADE_DP,22,0.0,115968.0,True
10,10,S_LSHADE_DP,23,0.0,107962.0,True
10,10,S_LSHADE_DP,24,0.0,99893.0,True
10,10,S_LSHADE_DP,25,0.0,102211.0,True
10,10,S_LSHADE_DP,26,0.0,109401.0,True
10,10,S_LSHADE_DP,27,0.0,116677.0,True
10,10,S_LSHADE_DP,28,0.0,111329.0,True
10,10,S_LSHADE_DP,29,0.0,109209.0,True
10,10,S_LSHADE_DP,30,0.0,111515.0,True
10,10,NL-SHADE-RSP-MID,1,0.0,134961.0,True
10,10,NL-SHADE-RSP-MID,2,15.0143,200000.0,False
10,10,NL-SHADE-RSP-MID,3,0.0624554,200000.0,False
10,10,NL-SHADE-RSP-MID,4,0.0,69993.0,True
10,10,NL-SHADE-RSP-MID,5,3.41574,200000.0,False
10,10,NL-SHADE-RSP-MID,6,0.0,54933.0,True
10,10,NL-SHADE-RSP-MID,7,0.0716224,200000.0,False
10,10,NL-SHADE-RSP-MID,8,0.0,53198.0,True
10,10,NL-SHADE-RSP-MID,9,3.35273,200000.0,False
10,10,NL-SHADE-RSP-MID,10,0.0,68527.0,True
10,10,NL-SHADE-RSP-MID,11,3.35273,200000.0,False
10,10,NL-SHADE-RSP-MID,12,3.35273,200000.0,False
10,10,NL-SHADE-RSP-MID,13,0.124915,200000.0,False
10,10,NL-SHADE-RSP-MID,14,0.062456,200000.0,False
10,10,NL-SHADE-RSP-MID,15,0.0,91859.0,True
10,10,NL-SHADE-RSP-MID,16,0.0,71195.0,True
10,10,NL-SHADE-RSP-MID,17,3.41591,200000.0,False
10,10,NL-SHADE-RSP-MID,18,0.0,84268.0,True
10,10,NL-SHADE-RSP-MID,19,0.0,93537.0,True
10,10,NL-SHADE-RSP-MID,20,0.0,102048.0,True
10,10,NL-SHADE-RSP-MID,21,0.0712753,200000.0,False
10,10,NL-SHADE-RSP-MID,22,0.0,83766.0,True
10,10,NL-SHADE-RSP-MID,23,0.0624554,200000.0,False
10,10,NL-SHADE-RSP-MID,24,0.0,102161.0,True
10,10,NL-SHADE-RSP-MID,25,0.0,144494.0,True
10,10,NL-SHADE-RSP-MID,26,100.274,200000.0,False
10,10,NL-SHADE-RSP-MID,27,0.0,73826.0,True
10,10,NL-SHADE-RSP-MID,28,3.41516,200000.0,False
10,10,NL-SHADE-RSP-MID,29,0.0,68119.0,True
10,10,NL-SHADE-RSP-MID,30,0.0,106885.0,True
10,10,Co-PPSO,1,100.40256,200000.0,False
10,10,Co-PPSO,2,100.24908,200000.0,False
10,10,Co-PPSO,3,100.24408,200000.0,False
10,10,Co-PPSO,4,100.1644,200000.0,False
10,10,Co-PPSO,5,100.29125,200000.0,False
10,10,Co-PPSO,6,100.3258,200000.0,False
10,10,Co-PPSO,7,100.31083,200000.0,False
10,10,Co-PPSO,8,100.32586,200000.0,False
10,10,Co-PPSO,9,100.34942,200000.0,False
10,10,Co-PPSO,10,100.18762,200000.0,False
10,10,Co-PPSO,11,100.25039,200000.0,False
10,10,Co-PPSO,12,100.39883,200000.0,False
10,10,Co-PPSO,13,100.37778,200000.0,False
10,10,Co-PPSO,14,100.21498,200000.0,False
10,10,Co-PPSO,15,100.30158,200000.0,False
10,10,Co-PPSO,16,100.30602,200000.0,False
10,10,Co-PPSO,17,100.33933,200000.0,False
10,10,Co-PPSO,18,100.2404,200000.0,False
10,10,Co-PPSO,19,100.3627,200000.0,False
10,10,Co-PPSO,20,100.28034,200000.0,False
10,10,Co-PPSO,21,100.39723,200000.0,False
10,10,Co-PPSO,22,100.31472,200000.0,False
10,10,Co-PPSO,23,100.39061,200000.0,False
10,10,Co-PPSO,24,100.2785,200000.0,False
10,10,Co-PPSO,25,100.24961,200000.0,False
10,10,Co-PPSO,26,100.2863,200000.0,False
10,10,Co-PPSO,27,100.32879,200000.0,False
10,10,Co-PPSO,28,100.22036,200000.0,False
10,10,Co-PPSO,29,100.20073,200000.0,False
10,10,Co-PPSO,30,100.28305,200000.0,False
10,10,NLSOMACLP,1,0.312272287,200000.0,False
10,10,NLSOMACLP,2,0.312272534,200000.0,False
10,10,NLSOMACLP,3,0.37472713,200000.0,False
10,10,NLSOMACLP,4,0.187364077,200000.0,False
10,10,NLSOMACLP,5,0.0624553828,200000.0,False
10,10,NLSOMACLP,6,0.124911281,200000.0,False
10,10,NLSOMACLP,7,0.249820339,200000.0,False
10,10,NLSOMACLP,8,0.12490905,200000.0,False
10,10,NLSOMACLP,9,0.124909199,200000.0,False
10,10,NLSOMACLP,10,0.249820064,200000.0,False
10,10,NLSOMACLP,11,0.187363761,200000.0,False
10,10,NLSOMACLP,12,0.386652414,200000.0,False
10,10,NLSOMACLP,13,0.187363761,200000.0,False
10,10,NLSOMACLP,14,0.24981798,200000.0,False
10,10,NLSOMACLP,15,0.124909149,200000.0,False
10,10,NLSOMACLP,16,0.187364323,200000.0,False
10,10,NLSOMACLP,17,0.312285322,200000.0,False
10,10,NLSOMACLP,18,0.124912432,200000.0,False
10,10,NLSOMACLP,19,0.190749766,200000.0,False
10,10,NLSOMACLP,20,0.124910628,200000.0,False
10,10,NLSOMACLP,21,0.187364136,200000.0,False
10,10,NLSOMACLP,22,0.374727833,200000.0,False
10,10,NLSOMACLP,23,0.249827136,200000.0,False
10,10,NLSOMACLP,24,0.187363487,200000.0,False
10,10,NLSOMACLP,25,0.187374011,200000.0,False
10,10,NLSOMACLP,26,0.312273242,200000.0,False
10,10,NLSOMACLP,27,0.124909134,200000.0,False
10,10,NLSOMACLP,28,3.54015678,200000.0,False
10,10,NLSOMACLP,29,0.249834093,200000.0,False
10,10,NLSOMACLP,30,0.124910152,200000.0,False
10,11,PDABC,1,1e-08,24150.0,True
10,11,PDABC,2,1e-08,24529.0,True
10,11,PDABC,3,1e-08,23547.0,True
10,11,PDABC,4,1e-08,25017.0,True
10,11,PDABC,5,1e-08,23847.0,True
10,11,PDABC,6,1e-08,25244.0,True
10,11,PDABC,7,1e-08,23901.0,True
10,11,PDABC,8,1e-08,24603.0,True
10,11,PDABC,9,1e-08,24671.0,True
10,11,PDABC,10,1e-08,24952.0,True
10,11,PDABC,11,1e-08,24308.0,True
10,11,PDABC,12,1e-08,24311.0,True
10,11,PDABC,13,1e-08,23798.0,True
10,11,PDABC,14,1e-08,25230.0,True
10,11,PDABC,15,1e-08,26578.0,True
10,11,PDABC,16,1e-08,25034.0,True
10,11,PDABC,17,1e-08,24526.0,True
10,11,PDABC,18,1e-08,24812.0,True
10,11,PDABC,19,1e-08,25559.0,True
10,11,PDABC,20,1e-08,24375.0,True
10,11,PDABC,21,1e-08,24892.0,True
10,11,PDABC,22,1e-08,24029.0,True
10,11,PDABC,23,1e-08,24022.0,True
10,11,PDABC,24,1e-08,26777.0,True
10,11,PDABC,25,1e-08,24585.0,True
10,11,PDABC,26,1e-08,25990.0,True
10,11,PDABC,27,1e-08,24745.0,True
10,11,PDABC,28,1e-08,24687.0,True
10,11,PDABC,29,1e-08,25114.0,True
10,11,PDABC,30,1e-08,24577.0,True
10,11,ABC,1,1e-08,50544.0,True
10,11,ABC,2,1e-08,20443.0,True
10,11,ABC,3,1e-08,49238.0,True
10,11,ABC,4,1e-08,47702.0,True
10,11,ABC,5,1e-08,45708.0,True
10,11,ABC,6,1e-08,5521.0,True
10,11,ABC,7,1e-08,30959.0,True
10,11,ABC,8,1e-08,45732.0,True
10,11,ABC,9,1e-08,49278.0,True
10,11,ABC,10,1e-08,45841.0,True
10,11,ABC,11,1e-08,46229.0,True
10,11,ABC,12,1e-08,43670.0,True
10,11,ABC,13,1e-08,52463.0,True
10,11,ABC,14,1e-08,45026.0,True
10,11,ABC,15,1e-08,44781.0,True
10,11,ABC,16,1e-08,20076.0,True
10,11,ABC,17,1e-08,3115.0,True
10,11,ABC,18,1e-08,50125.0,True
10,11,ABC,19,1e-08,45365.0,True
10,11,ABC,20,1e-08,47547.0,True
10,11,ABC,21,1e-08,55098.0,True
10,11,ABC,22,1e-08,44187.0,True
10,11,ABC,23,1e-08,41860.0,True
10,11,ABC,24,1e-08,56958.0,True
10,11,ABC,25,1e-08,39734.0,True
10,11,ABC,26,1e-08,52324.0,True
10,11,ABC,27,1e-08,48798.0,True
10,11,ABC,28,1e-08,48078.0,True
10,11,ABC,29,1e-08,5478.0,True
10,11,ABC,30,1e-08,52038.0,True
10,11,ZOCMAES,1,6e-06,200000.0,False
10,11,ZOCMAES,2,5e-06,200000.0,False
10,11,ZOCMAES,3,0.0,26407.0,True
10,11,ZOCMAES,4,0.0,20070.0,True
10,11,ZOCMAES,5,8e-06,200000.0,False
10,11,ZOCMAES,6,0.0,31223.0,True
10,11,ZOCMAES,7,6e-06,200000.0,False
10,11,ZOCMAES,8,0.0,20835.0,True
10,11,ZOCMAES,9,0.0,25569.0,True
10,11,ZOCMAES,10,0.0,22174.0,True
10,11,ZOCMAES,11,0.0,30229.0,True
10,11,ZOCMAES,12,0.0,25570.0,True
10,11,ZOCMAES,13,0.0,23936.0,True
10,11,ZOCMAES,14,0.0,23531.0,True
10,11,ZOCMAES,15,0.0,30720.0,True
10,11,ZOCMAES,16,0.0,27545.0,True
10,11,ZOCMAES,17,0.0,24891.0,True
10,11,ZOCMAES,18,0.0,22962.0,True
10,11,ZOCMAES,19,0.0,25692.0,True
10,11,ZOCMAES,20,0.0,24858.0,True
10,11,ZOCMAES,21,0.0,31576.0,True
10,11,ZOCMAES,22,0.0,28596.0,True
10,11,ZOCMAES,23,0.0,30680.0,True
10,11,ZOCMAES,24,0.0,31635.0,True
10,11,ZOCMAES,25,0.0,28891.0,True
10,11,ZOCMAES,26,0.0,26286.0,True
10,11,ZOCMAES,27,0.0,25988.0,True
10,11,ZOCMAES,28,6e-06,200000.0,False
10,11,ZOCMAES,29,0.0,30935.0,True
10,11,ZOCMAES,30,7e-06,200000.0,False
10,11,EA4eigN100_10,1,0.0,79622.0,True
10,11,EA4eigN100_10,2,0.0,79622.0,True
10,11,EA4eigN100_10,3,0.0,79622.0,True
10,11,EA4eigN100_10,4,0.0,50238.0,True
10,11,EA4eigN100_10,5,0.0,50238.0,True
10,11,EA4eigN100_10,6,0.0,79622.0,True
10,11,EA4eigN100_10,7,0.0,50238.0,True
10,11,EA4eigN100_10,8,0.0,50238.0,True
10,11,EA4eigN100_10,9,0.0,79622.0,True
10,11,EA4eigN100_10,10,0.0,79622.0,True
10,11,EA4eigN100_10,11,0.0,50238.0,True
10,11,EA4eigN100_10,12,0.0,50238.0,True
10,11,EA4eigN100_10,13,0.0,50238.0,True
10,11,EA4eigN100_10,14,0.0,50238.0,True
10,11,EA4eigN100_10,15,0.0,79622.0,True
10,11,EA4eigN100_10,16,0.0,50238.0,True
10,11,EA4eigN100_10,17,0.0,50238.0,True
10,11,EA4eigN100_10,18,0.0,50238.0,True
10,11,EA4eigN100_10,19,0.0,79622.0,True
10,11,EA4eigN100_10,20,0.0,50238.0,True
10,11,EA4eigN100_10,21,0.0,79622.0,True
10,11,EA4eigN100_10,22,0.0,79622.0,True
10,11,EA4eigN100_10,23,0.0,79622.0,True
10,11,EA4eigN100_10,24,0.0,50238.0,True
10,11,EA4eigN100_10,25,0.0,50238.0,True
10,11,EA4eigN100_10,26,0.0,50238.0,True
10,11,EA4eigN100_10,27,0.0,50238.0,True
10,11,EA4eigN100_10,28,0.0,50238.0,True
10,11,EA4eigN100_10,29,0.0,50238.0,True
10,11,EA4eigN100_10,30,0.0,50238.0,True
10,11,NL-SHADE-LBC,1,0.0,42180.0,True
10,11,NL-SHADE-LBC,2,0.0,40693.0,True
10,11,NL-SHADE-LBC,3,0.0,42344.0,True
10,11,NL-SHADE-LBC,4,0.0,41362.0,True
10,11,NL-SHADE-LBC,5,0.0,41304.0,True
10,11,NL-SHADE-LBC,6,0.0,41266.0,True
10,11,NL-SHADE-LBC,7,0.0,41435.0,True
10,11,NL-SHADE-LBC,8,0.0,41269.0,True
10,11,NL-SHADE-LBC,9,0.0,40710.0,True
10,11,NL-SHADE-LBC,10,0.0,41544.0,True
10,11,NL-SHADE-LBC,11,0.0,41518.0,True
10,11,NL-SHADE-LBC,12,0.0,42185.0,True
10,11,NL-SHADE-LBC,13,0.0,41418.0,True
10,11,NL-SHADE-LBC,14,0.0,40769.0,True
10,11,NL-SHADE-LBC,15,0.0,41923.0,True
10,11,NL-SHADE-LBC,16,0.0,41226.0,True
10,11,NL-SHADE-LBC,17,0.0,41402.0,True
10,11,NL-SHADE-LBC,18,0.0,42380.0,True
10,11,NL-SHADE-LBC,19,0.0,41091.0,True
10,11,NL-SHADE-LBC,20,0.0,41903.0,True
10,11,NL-SHADE-LBC,21,0.0,40717.0,True
10,11,NL-SHADE-LBC,22,0.0,41374.0,True
10,11,NL-SHADE-LBC,23,0.0,41336.0,True
10,11,NL-SHADE-LBC,24,0.0,41588.0,True
10,11,NL-SHADE-LBC,25,0.0,41260.0,True
10,11,NL-SHADE-LBC,26,0.0,41753.0,True
10,11,NL-SHADE-LBC,27,0.0,40889.0,True
10,11,NL-SHADE-LBC,28,0.0,41377.0,True
10,11,NL-SHADE-LBC,29,0.0,40828.0,True
10,11,NL-SHADE-LBC,30,0.0,41297.0,True
10,11,S_LSHADE_DP,1,0.0,123486.0,True
10,11,S_LSHADE_DP,2,0.0,121425.0,True
10,11,S_LSHADE_DP,3,0.0,123036.0,True
10,11,S_LSHADE_DP,4,0.0,122707.0,True
10,11,S_LSHADE_DP,5,0.0,123076.0,True
10,11,S_LSHADE_DP,6,0.0,121928.0,True
10,11,S_LSHADE_DP,7,0.0,121593.0,True
10,11,S_LSHADE_DP,8,0.0,122420.0,True
10,11,S_LSHADE_DP,9,0.0,122584.0,True
10,11,S_LSHADE_DP,10,0.0,121173.0,True
10,11,S_LSHADE_DP,11,0.0,123240.0,True
10,11,S_LSHADE_DP,12,0.0,120627.0,True
10,11,S_LSHADE_DP,13,0.0,121969.0,True
10,11,S_LSHADE_DP,14,0.0,124421.0,True
10,11,S_LSHADE_DP,15,0.0,122708.0,True
10,11,S_LSHADE_DP,16,0.0,121928.0,True
10,11,S_LSHADE_DP,17,0.0,124058.0,True
10,11,S_LSHADE_DP,18,0.0,119829.0,True
10,11,S_LSHADE_DP,19,0.0,121173.0,True
10,11,S_LSHADE_DP,20,0.0,122092.0,True
10,11,S_LSHADE_DP,21,0.0,123691.0,True
10,11,S_LSHADE_DP,22,0.0,122297.0,True
10,11,S_LSHADE_DP,23,0.0,120753.0,True
10,11,S_LSHADE_DP,24,0.0,123119.0,True
10,11,S_LSHADE_DP,25,0.0,123857.0,True
10,11,S_LSHADE_DP,26,0.0,124458.0,True
10,11,S_LSHADE_DP,27,0.0,121467.0,True
10,11,S_LSHADE_DP,28,0.0,123814.0,True
10,11,S_LSHADE_DP,29,0.0,124858.0,True
10,11,S_LSHADE_DP,30,0.0,121593.0,True
10,11,NL-SHADE-RSP-MID,1,0.0,52243.0,True
10,11,NL-SHADE-RSP-MID,2,0.0,47713.0,True
10,11,NL-SHADE-RSP-MID,3,0.0,49841.0,True
10,11,NL-SHADE-RSP-MID,4,0.0,122603.0,True
10,11,NL-SHADE-RSP-MID,5,0.0,80408.0,True
10,11,NL-SHADE-RSP-MID,6,0.0,41999.0,True
10,11,NL-SHADE-RSP-MID,7,0.0,48841.0,True
10,11,NL-SHADE-RSP-MID,8,0.0,38546.0,True
10,11,NL-SHADE-RSP-MID,9,0.0,47764.0,True
10,11,NL-SHADE-RSP-MID,10,0.0,42309.0,True
10,11,NL-SHADE-RSP-MID,11,0.0,52173.0,True
10,11,NL-SHADE-RSP-MID,12,0.0,80855.0,True
10,11,NL-SHADE-RSP-MID,13,0.0,45640.0,True
10,11,NL-SHADE-RSP-MID,14,0.0,46750.0,True
10,11,NL-SHADE-RSP-MID,15,0.0,49479.0,True
10,11,NL-SHADE-RSP-MID,16,0.0,46772.0,True
10,11,NL-SHADE-RSP-MID,17,0.0,36897.0,True
10,11,NL-SHADE-RSP-MID,18,0.0,47663.0,True
10,11,NL-SHADE-RSP-MID,19,0.0,46841.0,True
10,11,NL-SHADE-RSP-MID,20,0.0,51196.0,True
10,11,NL-SHADE-RSP-MID,21,0.0,50441.0,True
10,11,NL-SHADE-RSP-MID,22,1.35628e-08,200000.0,False
10,11,NL-SHADE-RSP-MID,23,0.0,77190.0,True
10,11,NL-SHADE-RSP-MID,24,0.0,46490.0,True
10,11,NL-SHADE-RSP-MID,25,0.0,39770.0,True
10,11,NL-SHADE-RSP-MID,26,0.0,44745.0,True
10,11,NL-SHADE-RSP-MID,27,0.0,40947.0,True
10,11,NL-SHADE-RSP-MID,28,0.0,53570.0,True
10,11,NL-SHADE-RSP-MID,29,0.0,44820.0,True
10,11,NL-SHADE-RSP-MID,30,0.0,47859.0,True
10,11,Co-PPSO,1,0.0,50238.0,True
10,11,Co-PPSO,2,0.0,50238.0,True
10,11,Co-PPSO,3,300.0,200000.0,False
10,11,Co-PPSO,4,0.0,50238.0,True
10,11,Co-PPSO,5,0.0,50238.0,True
10,11,Co-PPSO,6,0.0,50238.0,True
10,11,Co-PPSO,7,0.0,50238.0,True
10,11,Co-PPSO,8,0.0,79622.0,True
10,11,Co-PPSO,9,0.0,50238.0,True
10,11,Co-PPSO,10,0.0,50238.0,True
10,11,Co-PPSO,11,0.0,50238.0,True
10,11,Co-PPSO,12,300.0,200000.0,False
10,11,Co-PPSO,13,0.0,50238.0,True
10,11,Co-PPSO,14,0.0,50238.0,True
10,11,Co-PPSO,15,0.0,50238.0,True
10,11,Co-PPSO,16,0.0,50238.0,True
10,11,Co-PPSO,17,150.42716,200000.0,False
10,11,Co-PPSO,18,0.0,50238.0,True
10,11,Co-PPSO,19,0.0,50238.0,True
10,11,Co-PPSO,20,0.0,50238.0,True
10,11,Co-PPSO,21,0.0,50238.0,True
10,11,Co-PPSO,22,0.0,50238.0,True
10,11,Co-PPSO,23,0.0,50238.0,True
10,11,Co-PPSO,24,0.0,50238.0,True
10,11,Co-PPSO,25,0.0,79622.0,True
10,11,Co-PPSO,26,0.0,50238.0,True
10,11,Co-PPSO,27,0.0,50238.0,True
10,11,Co-PPSO,28,0.0,50238.0,True
10,11,Co-PPSO,29,0.0,50238.0,True
10,11,Co-PPSO,30,0.0,50238.0,True
10,11,NLSOMACLP,1,0.0,137678.0,True
10,11,NLSOMACLP,2,0.0,118720.0,True
10,11,NLSOMACLP,3,0.0,118988.0,True
10,11,NLSOMACLP,4,0.0,123149.0,True
10,11,NLSOMACLP,5,0.0,125532.0,True
10,11,NLSOMACLP,6,0.0,124557.0,True
10,11,NLSOMACLP,7,0.0,118774.0,True
10,11,NLSOMACLP,8,0.0,123812.0,True
10,11,NLSOMACLP,9,0.0,137744.0,True
10,11,NLSOMACLP,10,0.0,123735.0,True
10,11,NLSOMACLP,11,0.0,131323.0,True
10,11,NLSOMACLP,12,0.0,132593.0,True
10,11,NLSOMACLP,13,0.0,120954.0,True
10,11,NLSOMACLP,14,0.0,140578.0,True
10,11,NLSOMACLP,15,0.0,133999.0,True
10,11,NLSOMACLP,16,0.0,122747.0,True
10,11,NLSOMACLP,17,0.0,122722.0,True
10,11,NLSOMACLP,18,0.0,112299.0,True
10,11,NLSOMACLP,19,0.0,120891.0,True
10,11,NLSOMACLP,20,0.0,133473.0,True
10,11,NLSOMACLP,21,0.0,125896.0,True
10,11,NLSOMACLP,22,0.0,126965.0,True
10,11,NLSOMACLP,23,0.0,127784.0,True
10,11,NLSOMACLP,24,0.0,132985.0,True
10,11,NLSOMACLP,25,0.0,119002.0,True
10,11,NLSOMACLP,26,0.0,128537.0,True
10,11,NLSOMACLP,27,0.0,121169.0,True
10,11,NLSOMACLP,28,0.0,123246.0,True
10,11,NLSOMACLP,29,0.0,127203.0,True
10,11,NLSOMACLP,30,0.0,132003.0,True
10,12,PDABC,1,0.6688314335483483,200000.0,False
10,12,PDABC,2,1e-08,165926.0,True
10,12,PDABC,3,1e-08,134666.0,True
10,12,PDABC,4,97.98000225878195,200000.0,False
10,12,PDABC,5,1e-08,152139.0,True
10,12,PDABC,6,1e-08,39402.0,True
10,12,PDABC,7,1e-08,173128.0,True
10,12,PDABC,8,1e-08,148964.0,True
10,12,PDABC,9,91.12483389719364,200000.0,False
10,12,PDABC,10,1e-08,107837.0,True
10,12,PDABC,11,1e-08,25831.0,True
10,12,PDABC,12,1e-08,170344.0,True
10,12,PDABC,13,4.55674049197205,200000.0,False
10,12,PDABC,14,1e-08,154309.0,True
10,12,PDABC,15,14.193134793327317,200000.0,False
10,12,PDABC,16,1e-08,112578.0,True
10,12,PDABC,17,1e-08,132462.0,True
10,12,PDABC,18,1e-08,156009.0,True
10,12,PDABC,19,139.00292290636798,200000.0,False
10,12,PDABC,20,1e-08,140699.0,True
10,12,PDABC,21,1e-08,158463.0,True
10,12,PDABC,22,1e-08,62220.0,True
10,12,PDABC,23,1e-08,158926.0,True
10,12,PDABC,24,1e-08,86912.0,True
10,12,PDABC,25,1e-08,149387.0,True
10,12,PDABC,26,1e-08,85354.0,True
10,12,PDABC,27,1e-08,137040.0,True
10,12,PDABC,28,1e-08,179674.0,True
10,12,PDABC,29,57.14431563224616,200000.0,False
10,12,PDABC,30,37.14852761324801,200000.0,False
10,12,ABC,1,1e-08,7206.0,True
10,12,ABC,2,1e-08,163613.0,True
10,12,ABC,3,1e-08,5865.0,True
10,12,ABC,4,1e-08,108518.0,True
10,12,ABC,5,1e-08,2162.0,True
10,12,ABC,6,1e-08,66770.0,True
10,12,ABC,7,1e-08,4175.0,True
10,12,ABC,8,1e-08,9009.0,True
10,12,ABC,9,1e-08,24847.0,True
10,12,ABC,10,1e-08,84073.0,True
10,12,ABC,11,1e-08,1284.0,True
10,12,ABC,12,1e-08,181153.0,True
10,12,ABC,13,1e-08,7697.0,True
10,12,ABC,14,1e-08,20183.0,True
10,12,ABC,15,1e-08,14898.0,True
10,12,ABC,16,1e-08,20226.0,True
10,12,ABC,17,1e-08,9333.0,True
10,12,ABC,18,1e-08,6085.0,True
10,12,ABC,19,1e-08,83825.0,True
10,12,ABC,20,1e-08,3782.0,True
10,12,ABC,21,1e-08,974.0,True
10,12,ABC,22,1e-08,11529.0,True
10,12,ABC,23,1e-08,2174.0,True
10,12,ABC,24,1e-08,11403.0,True
10,12,ABC,25,1e-08,5473.0,True
10,12,ABC,26,1e-08,29475.0,True
10,12,ABC,27,1e-08,2944.0,True
10,12,ABC,28,1e-08,14300.0,True
10,12,ABC,29,1e-08,42564.0,True
10,12,ABC,30,1e-08,61654.0,True
10,12,ZOCMAES,1,164.931008,200000.0,False
10,12,ZOCMAES,2,168.994521,200000.0,False
10,12,ZOCMAES,3,163.494835,200000.0,False
10,12,ZOCMAES,4,163.672631,200000.0,False
10,12,ZOCMAES,5,166.621155,200000.0,False
10,12,ZOCMAES,6,167.51078,200000.0,False
10,12,ZOCMAES,7,163.494835,200000.0,False
10,12,ZOCMAES,8,164.931008,200000.0,False
10,12,ZOCMAES,9,164.921942,200000.0,False
10,12,ZOCMAES,10,165.191324,200000.0,False
10,12,ZOCMAES,11,165.191222,200000.0,False
10,12,ZOCMAES,12,165.191221,200000.0,False
10,12,ZOCMAES,13,164.931008,200000.0,False
10,12,ZOCMAES,14,165.799712,200000.0,False
10,12,ZOCMAES,15,163.494835,200000.0,False
10,12,ZOCMAES,16,164.927623,200000.0,False
10,12,ZOCMAES,17,162.689065,200000.0,False
10,12,ZOCMAES,18,164.605972,200000.0,False
10,12,ZOCMAES,19,163.478136,200000.0,False
10,12,ZOCMAES,20,165.191322,200000.0,False
10,12,ZOCMAES,21,164.919233,200000.0,False
10,12,ZOCMAES,22,165.053197,200000.0,False
10,12,ZOCMAES,23,165.375224,200000.0,False
10,12,ZOCMAES,24,165.375224,200000.0,False
10,12,ZOCMAES,25,163.494835,200000.0,False
10,12,ZOCMAES,26,168.341883,200000.0,False
10,12,ZOCMAES,27,164.931008,200000.0,False
10,12,ZOCMAES,28,164.931008,200000.0,False
10,12,ZOCMAES,29,162.689067,200000.0,False
10,12,ZOCMAES,30,165.191222,200000.0,False
10,12,EA4eigN100_10,1,145.29537,200000.0,False
10,12,EA4eigN100_10,2,145.29537,200000.0,False
10,12,EA4eigN100_10,3,145.29537,200000.0,False
10,12,EA4eigN100_10,4,145.29537,200000.0,False
10,12,EA4eigN100_10,5,145.29537,200000.0,False
10,12,EA4eigN100_10,6,145.29537,200000.0,False
10,12,EA4eigN100_10,7,145.66191,200000.0,False
10,12,EA4eigN100_10,8,145.66191,200000.0,False
10,12,EA4eigN100_10,9,145.66191,200000.0,False
10,12,EA4eigN100_10,10,145.66191,200000.0,False
10,12,EA4eigN100_10,11,145.66191,200000.0,False
10,12,EA4eigN100_10,12,145.66191,200000.0,False
10,12,EA4eigN100_10,13,145.66191,200000.0,False
10,12,EA4eigN100_10,14,145.66191,200000.0,False
10,12,EA4eigN100_10,15,145.66191,200000.0,False
10,12,EA4eigN100_10,16,145.66191,200000.0,False
10,12,EA4eigN100_10,17,145.66191,200000.0,False
10,12,EA4eigN100_10,18,145.66191,200000.0,False
10,12,EA4eigN100_10,19,145.68496,200000.0,False
10,12,EA4eigN100_10,20,145.68496,200000.0,False
10,12,EA4eigN100_10,21,145.68496,200000.0,False
10,12,EA4eigN100_10,22,145.96686,200000.0,False
10,12,EA4eigN100_10,23,145.96686,200000.0,False
10,12,EA4eigN100_10,24,145.96686,200000.0,False
10,12,EA4eigN100_10,25,150.58198,200000.0,False
10,12,EA4eigN100_10,26,151.05781,200000.0,False
10,12,EA4eigN100_10,27,151.89103,200000.0,False
10,12,EA4eigN100_10,28,157.20856,200000.0,False
10,12,EA4eigN100_10,29,157.36984,200000.0,False
10,12,EA4eigN100_10,30,158.55041,200000.0,False
10,12,NL-SHADE-LBC,1,164.922,200000.0,False
10,12,NL-SHADE-LBC,2,162.7,200000.0,False
10,12,NL-SHADE-LBC,3,164.922,200000.0,False
10,12,NL-SHADE-LBC,4,164.922,200000.0,False
10,12,NL-SHADE-LBC,5,164.922,200000.0,False
10,12,NL-SHADE-LBC,6,164.922,200000.0,False
10,12,NL-SHADE-LBC,7,164.922,200000.0,False
10,12,NL-SHADE-LBC,8,164.922,200000.0,False
10,12,NL-SHADE-LBC,9,164.922,200000.0,False
10,12,NL-SHADE-LBC,10,164.922,200000.0,False
10,12,NL-SHADE-LBC,11,164.922,200000.0,False
10,12,NL-SHADE-LBC,12,164.638,200000.0,False
10,12,NL-SHADE-LBC,13,164.931,200000.0,False
10,12,NL-SHADE-LBC,14,164.922,200000.0,False
10,12,NL-SHADE-LBC,15,164.922,200000.0,False
10,12,NL-SHADE-LBC,16,164.922,200000.0,False
10,12,NL-SHADE-LBC,17,164.922,200000.0,False
10,12,NL-SHADE-LBC,18,164.536,200000.0,False
10,12,NL-SHADE-LBC,19,164.922,200000.0,False
10,12,NL-SHADE-LBC,20,164.922,200000.0,False
10,12,NL-SHADE-LBC,21,164.922,200000.0,False
10,12,NL-SHADE-LBC,22,164.922,200000.0,False
10,12,NL-SHADE-LBC,23,164.922,200000.0,False
10,12,NL-SHADE-LBC,24,164.922,200000.0,False
10,12,NL-SHADE-LBC,25,164.922,200000.0,False
10,12,NL-SHADE-LBC,26,164.922,200000.0,False
10,12,NL-SHADE-LBC,27,164.922,200000.0,False
10,12,NL-SHADE-LBC,28,164.931,200000.0,False
10,12,NL-SHADE-LBC,29,164.931,200000.0,False
10,12,NL-SHADE-LBC,30,164.922,200000.0,False
10,12,S_LSHADE_DP,1,159.3687,200000.0,False
10,12,S_LSHADE_DP,2,163.1891,200000.0,False
10,12,S_LSHADE_DP,3,159.3687,200000.0,False
10,12,S_LSHADE_DP,4,163.4777,200000.0,False
10,12,S_LSHADE_DP,5,161.4049,200000.0,False
10,12,S_LSHADE_DP,6,164.5425,200000.0,False
10,12,S_LSHADE_DP,7,161.4049,200000.0,False
10,12,S_LSHADE_DP,8,162.7001,200000.0,False
10,12,S_LSHADE_DP,9,161.4353,200000.0,False
10,12,S_LSHADE_DP,10,162.7001,200000.0,False
10,12,S_LSHADE_DP,11,159.3687,200000.0,False
10,12,S_LSHADE_DP,12,161.4049,200000.0,False
10,12,S_LSHADE_DP,13,160.6802,200000.0,False
10,12,S_LSHADE_DP,14,159.3687,200000.0,False
10,12,S_LSHADE_DP,15,164.9219,200000.0,False
10,12,S_LSHADE_DP,16,162.7001,200000.0,False
10,12,S_LSHADE_DP,17,160.1831,200000.0,False
10,12,S_LSHADE_DP,18,159.3687,200000.0,False
10,12,S_LSHADE_DP,19,164.9219,200000.0,False
10,12,S_LSHADE_DP,20,159.3687,200000.0,False
10,12,S_LSHADE_DP,21,161.4353,200000.0,False
10,12,S_LSHADE_DP,22,161.4353,200000.0,False
10,12,S_LSHADE_DP,23,163.7148,200000.0,False
10,12,S_LSHADE_DP,24,162.7001,200000.0,False
10,12,S_LSHADE_DP,25,162.7001,200000.0,False
10,12,S_LSHADE_DP,26,162.7001,200000.0,False
10,12,S_LSHADE_DP,27,162.7001,200000.0,False
10,12,S_LSHADE_DP,28,159.3687,200000.0,False
10,12,S_LSHADE_DP,29,159.3687,200000.0,False
10,12,S_LSHADE_DP,30,162.7001,200000.0,False
10,12,NL-SHADE-RSP-MID,1,165.846,200000.0,False
10,12,NL-SHADE-RSP-MID,2,164.011,200000.0,False
10,12,NL-SHADE-RSP-MID,3,163.715,200000.0,False
10,12,NL-SHADE-RSP-MID,4,163.926,200000.0,False
10,12,NL-SHADE-RSP-MID,5,164.703,200000.0,False
10,12,NL-SHADE-RSP-MID,6,166.318,200000.0,False
10,12,NL-SHADE-RSP-MID,7,164.987,200000.0,False
10,12,NL-SHADE-RSP-MID,8,164.962,200000.0,False
10,12,NL-SHADE-RSP-MID,9,164.931,200000.0,False
10,12,NL-SHADE-RSP-MID,10,163.925,200000.0,False
10,12,NL-SHADE-RSP-MID,11,165.981,200000.0,False
10,12,NL-SHADE-RSP-MID,12,163.925,200000.0,False
10,12,NL-SHADE-RSP-MID,13,165.007,200000.0,False
10,12,NL-SHADE-RSP-MID,14,163.925,200000.0,False
10,12,NL-SHADE-RSP-MID,15,165.846,200000.0,False
10,12,NL-SHADE-RSP-MID,16,164.085,200000.0,False
10,12,NL-SHADE-RSP-MID,17,164.041,200000.0,False
10,12,NL-SHADE-RSP-MID,18,163.925,200000.0,False
10,12,NL-SHADE-RSP-MID,19,166.263,200000.0,False
10,12,NL-SHADE-RSP-MID,20,163.516,200000.0,False
10,12,NL-SHADE-RSP-MID,21,166.23,200000.0,False
10,12,NL-SHADE-RSP-MID,22,164.99,200000.0,False
10,12,NL-SHADE-RSP-MID,23,165.405,200000.0,False
10,12,NL-SHADE-RSP-MID,24,164.638,200000.0,False
10,12,NL-SHADE-RSP-MID,25,165.846,200000.0,False
10,12,NL-SHADE-RSP-MID,26,166.014,200000.0,False
10,12,NL-SHADE-RSP-MID,27,162.7,200000.0,False
10,12,NL-SHADE-RSP-MID,28,163.877,200000.0,False
10,12,NL-SHADE-RSP-MID,29,164.017,200000.0,False
10,12,NL-SHADE-RSP-MID,30,164.976,200000.0,False
10,12,Co-PPSO,1,164.93309,200000.0,False
10,12,Co-PPSO,2,164.97649,200000.0,False
10,12,Co-PPSO,3,164.92202,200000.0,False
10,12,Co-PPSO,4,164.92231,200000.0,False
10,12,Co-PPSO,5,164.9228,200000.0,False
10,12,Co-PPSO,6,164.93336,200000.0,False
10,12,Co-PPSO,7,164.31648,200000.0,False
10,12,Co-PPSO,8,164.97596,200000.0,False
10,12,Co-PPSO,9,164.92245,200000.0,False
10,12,Co-PPSO,10,164.92289,200000.0,False
10,12,Co-PPSO,11,164.85058,200000.0,False
10,12,Co-PPSO,12,165.25112,200000.0,False
10,12,Co-PPSO,13,164.92264,200000.0,False
10,12,Co-PPSO,14,162.72439,200000.0,False
10,12,Co-PPSO,15,164.93581,200000.0,False
10,12,Co-PPSO,16,164.93137,200000.0,False
10,12,Co-PPSO,17,164.97784,200000.0,False
10,12,Co-PPSO,18,164.92305,200000.0,False
10,12,Co-PPSO,19,164.5427,200000.0,False
10,12,Co-PPSO,20,164.92195,200000.0,False
10,12,Co-PPSO,21,164.92232,200000.0,False
10,12,Co-PPSO,22,164.93169,200000.0,False
10,12,Co-PPSO,23,164.93196,200000.0,False
10,12,Co-PPSO,24,164.4695,200000.0,False
10,12,Co-PPSO,25,164.92196,200000.0,False
10,12,Co-PPSO,26,164.85134,200000.0,False
10,12,Co-PPSO,27,164.92269,200000.0,False
10,12,Co-PPSO,28,164.92354,200000.0,False
10,12,Co-PPSO,29,164.93301,200000.0,False
10,12,Co-PPSO,30,164.53589,200000.0,False
10,12,NLSOMACLP,1,164.384084,200000.0,False
10,12,NLSOMACLP,2,163.924512,200000.0,False
10,12,NLSOMACLP,3,164.975868,200000.0,False
10,12,NLSOMACLP,4,164.542517,200000.0,False
10,12,NLSOMACLP,5,164.011285,200000.0,False
10,12,NLSOMACLP,6,162.729331,200000.0,False
10,12,NLSOMACLP,7,163.924512,200000.0,False
10,12,NLSOMACLP,8,162.700131,200000.0,False
10,12,NLSOMACLP,9,164.931008,200000.0,False
10,12,NLSOMACLP,10,164.54253,200000.0,False
10,12,NLSOMACLP,11,164.54267,200000.0,False
10,12,NLSOMACLP,12,165.067589,200000.0,False
10,12,NLSOMACLP,13,165.212606,200000.0,False
10,12,NLSOMACLP,14,163.71485,200000.0,False
10,12,NLSOMACLP,15,164.997759,200000.0,False
10,12,NLSOMACLP,16,162.700131,200000.0,False
10,12,NLSOMACLP,17,164.931008,200000.0,False
10,12,NLSOMACLP,18,165.212606,200000.0,False
10,12,NLSOMACLP,19,162.43338,200000.0,False
10,12,NLSOMACLP,20,163.924512,200000.0,False
10,12,NLSOMACLP,21,165.072592,200000.0,False
10,12,NLSOMACLP,22,164.637795,200000.0,False
10,12,NLSOMACLP,23,164.931008,200000.0,False
10,12,NLSOMACLP,24,164.997779,200000.0,False
10,12,NLSOMACLP,25,162.700131,200000.0,False
10,12,NLSOMACLP,26,164.637857,200000.0,False
10,12,NLSOMACLP,27,164.011213,200000.0,False
10,12,NLSOMACLP,28,164.921942,200000.0,False
10,12,NLSOMACLP,29,159.368734,200000.0,False
10,12,NLSOMACLP,30,163.516138,200000.0,False
20,1,PDABC,1,1e-08,60645.0,True
20,1,PDABC,2,1e-08,60078.0,True
20,1,PDABC,3,1e-08,60604.0,True
20,1,PDABC,4,1e-08,60029.0,True
20,1,PDABC,5,1e-08,58260.0,True
20,1,PDABC,6,1e-08,61139.0,True
20,1,PDABC,7,1e-08,59099.0,True
20,1,PDABC,8,1e-08,63040.0,True
20,1,PDABC,9,1e-08,60327.0,True
20,1,PDABC,10,1e-08,60735.0,True
20,1,PDABC,11,1e-08,59086.0,True
20,1,PDABC,12,1e-08,57887.0,True
20,1,PDABC,13,1e-08,59750.0,True
20,1,PDABC,14,1e-08,59903.0,True
20,1,PDABC,15,1e-08,61905.0,True
20,1,PDABC,16,1e-08,59791.0,True
20,1,PDABC,17,1e-08,62035.0,True
20,1,PDABC,18,1e-08,58345.0,True
20,1,PDABC,19,1e-08,57933.0,True
20,1,PDABC,20,1e-08,65637.0,True
20,1,PDABC,21,1e-08,62102.0,True
20,1,PDABC,22,1e-08,59447.0,True
20,1,PDABC,23,1e-08,58966.0,True
20,1,PDABC,24,1e-08,60860.0,True
20,1,PDABC,25,1e-08,58679.0,True
20,1,PDABC,26,1e-08,60606.0,True
20,1,PDABC,27,1e-08,60331.0,True
20,1,PDABC,28,1e-08,60232.0,True
20,1,PDABC,29,1e-08,62290.0,True
20,1,PDABC,30,1e-08,61617.0,True
20,1,ABC,1,1e-08,488551.0,True
20,1,ABC,2,1e-08,391921.0,True
20,1,ABC,3,1e-08,241688.0,True
20,1,ABC,4,1e-08,380368.0,True
20,1,ABC,5,1e-08,323012.0,True
20,1,ABC,6,1e-08,402887.0,True
20,1,ABC,7,1e-08,331442.0,True
20,1,ABC,8,1e-08,346830.0,True
20,1,ABC,9,1e-08,287647.0,True
20,1,ABC,10,1e-08,330233.0,True
20,1,ABC,11,1e-08,336592.0,True
20,1,ABC,12,1e-08,282434.0,True
20,1,ABC,13,1e-08,286304.0,True
20,1,ABC,14,1e-08,372270.0,True
20,1,ABC,15,1e-08,356485.0,True
20,1,ABC,16,1e-08,370830.0,True
20,1,ABC,17,1e-08,316991.0,True
20,1,ABC,18,1e-08,472674.0,True
20,1,ABC,19,1e-08,272630.0,True
20,1,ABC,20,1e-08,282272.0,True
20,1,ABC,21,1e-08,405689.0,True
20,1,ABC,22,1e-08,295759.0,True
20,1,ABC,23,1e-08,324984.0,True
20,1,ABC,24,1e-08,350560.0,True
20,1,ABC,25,1e-08,420143.0,True
20,1,ABC,26,1e-08,256650.0,True
20,1,ABC,27,1e-08,323953.0,True
20,1,ABC,28,1e-08,313100.0,True
20,1,ABC,29,1e-08,251555.0,True
20,1,ABC,30,1e-08,331652.0,True
20,1,ZOCMAES,1,0.0,165122.0,True
20,1,ZOCMAES,2,0.0,141587.0,True
20,1,ZOCMAES,3,0.0,149079.0,True
20,1,ZOCMAES,4,0.0,140325.0,True
20,1,ZOCMAES,5,0.0,130061.0,True
20,1,ZOCMAES,6,0.0,104593.0,True
20,1,ZOCMAES,7,0.0,143566.0,True
20,1,ZOCMAES,8,0.0,50284.0,True
20,1,ZOCMAES,9,0.0,86082.0,True
20,1,ZOCMAES,10,1e-06,1000000.0,False
20,1,ZOCMAES,11,0.0,103504.0,True
20,1,ZOCMAES,12,1e-06,1000000.0,False
20,1,ZOCMAES,13,3e-06,1000000.0,False
20,1,ZOCMAES,14,0.0,92536.0,True
20,1,ZOCMAES,15,0.0,132154.0,True
20,1,ZOCMAES,16,0.0,67288.0,True
20,1,ZOCMAES,17,0.0,130379.0,True
20,1,ZOCMAES,18,0.0,135514.0,True
20,1,ZOCMAES,19,4e-06,1000000.0,False
20,1,ZOCMAES,20,0.0,127845.0,True
20,1,ZOCMAES,21,0.0,84474.0,True
20,1,ZOCMAES,22,0.0,108429.0,True
20,1,ZOCMAES,23,0.0,55116.0,True
20,1,ZOCMAES,24,0.0,139406.0,True
20,1,ZOCMAES,25,0.0,102887.0,True
20,1,ZOCMAES,26,0.0,127283.0,True
20,1,ZOCMAES,27,1e-06,1000000.0,False
20,1,ZOCMAES,28,0.0,149941.0,True
20,1,ZOCMAES,29,0.0,152614.0,True
20,1,ZOCMAES,30,4e-06,1000000.0,False
20,1,EA4eigN100_10,1,0.0,158490.0,True
20,1,EA4eigN100_10,2,0.0,158490.0,True
20,1,EA4eigN100_10,3,0.0,158490.0,True
20,1,EA4eigN100_10,4,0.0,158490.0,True
20,1,EA4eigN100_10,5,0.0,158490.0,True
20,1,EA4eigN100_10,6,0.0,158490.0,True
20,1,EA4eigN100_10,7,0.0,158490.0,True
20,1,EA4eigN100_10,8,0.0,158490.0,True
20,1,EA4eigN100_10,9,0.0,158490.0,True
20,1,EA4eigN100_10,10,0.0,158490.0,True
20,1,EA4eigN100_10,11,0.0,158490.0,True
20,1,EA4eigN100_10,12,0.0,158490.0,True
20,1,EA4eigN100_10,13,0.0,158490.0,True
20,1,EA4eigN100_10,14,0.0,158490.0,True
20,1,EA4eigN100_10,15,0.0,158490.0,True
20,1,EA4eigN100_10,16,0.0,158490.0,True
20,1,EA4eigN100_10,17,0.0,158490.0,True
20,1,EA4eigN100_10,18,0.0,158490.0,True
20,1,EA4eigN100_10,19,0.0,158490.0,True
20,1,EA4eigN100_10,20,0.0,158490.0,True
20,1,EA4eigN100_10,21,0.0,158490.0,True
20,1,EA4eigN100_10,22,0.0,158490.0,True
20,1,EA4eigN100_10,23,0.0,158490.0,True
20,1,EA4eigN100_10,24,0.0,158490.0,True
20,1,EA4eigN100_10,25,0.0,158490.0,True
20,1,EA4eigN100_10,26,0.0,158490.0,True
20,1,EA4eigN100_10,27,0.0,158490.0,True
20,1,EA4eigN100_10,28,0.0,158490.0,True
20,1,EA4eigN100_10,29,0.0,251189.0,True
20,1,EA4eigN100_10,30,0.0,158490.0,True
20,1,NL-SHADE-LBC,1,0.0,113208.0,True
20,1,NL-SHADE-LBC,2,0.0,113992.0,True
20,1,NL-SHADE-LBC,3,0.0,113961.0,True
20,1,NL-SHADE-LBC,4,0.0,112173.0,True
20,1,NL-SHADE-LBC,5,0.0,112798.0,True
20,1,NL-SHADE-LBC,6,0.0,114571.0,True
20,1,NL-SHADE-LBC,7,0.0,112491.0,True
20,1,NL-SHADE-LBC,8,0.0,114430.0,True
20,1,NL-SHADE-LBC,9,0.0,114251.0,True
20,1,NL-SHADE-LBC,10,0.0,112404.0,True
20,1,NL-SHADE-LBC,11,0.0,114707.0,True
20,1,NL-SHADE-LBC,12,0.0,112246.0,True
20,1,NL-SHADE-LBC,13,0.0,111051.0,True
20,1,NL-SHADE-LBC,14,0.0,113432.0,True
20,1,NL-SHADE-LBC,15,0.0,113838.0,True
20,1,NL-SHADE-LBC,16,0.0,113762.0,True
20,1,NL-SHADE-LBC,17,0.0,112637.0,True
20,1,NL-SHADE-LBC,18,0.0,113834.0,True
20,1,NL-SHADE-LBC,19,0.0,114834.0,True
20,1,NL-SHADE-LBC,20,0.0,113935.0,True
20,1,NL-SHADE-LBC,21,0.0,112045.0,True
20,1,NL-SHADE-LBC,22,0.0,112775.0,True
20,1,NL-SHADE-LBC,23,0.0,116022.0,True
20,1,NL-SHADE-LBC,24,0.0,114503.0,True
20,1,NL-SHADE-LBC,25,0.0,115962.0,True
20,1,NL-SHADE-LBC,26,0.0,113656.0,True
20,1,NL-SHADE-LBC,27,0.0,113729.0,True
20,1,NL-SHADE-LBC,28,0.0,114075.0,True
20,1,NL-SHADE-LBC,29,0.0,112073.0,True
20,1,NL-SHADE-LBC,30,0.0,113899.0,True
20,1,S_LSHADE_DP,1,0.0,566697.0,True
20,1,S_LSHADE_DP,2,0.0,563753.0,True
20,1,S_LSHADE_DP,3,0.0,564213.0,True
20,1,S_LSHADE_DP,4,0.0,562235.0,True
20,1,S_LSHADE_DP,5,0.0,571804.0,True
20,1,S_LSHADE_DP,6,0.0,564167.0,True
20,1,S_LSHADE_DP,7,0.0,566329.0,True
20,1,S_LSHADE_DP,8,0.0,566789.0,True
20,1,S_LSHADE_DP,9,0.0,567663.0,True
20,1,S_LSHADE_DP,10,0.0,568249.0,True
20,1,S_LSHADE_DP,11,0.0,566559.0,True
20,1,S_LSHADE_DP,12,0.0,565731.0,True
20,1,S_LSHADE_DP,13,0.0,565133.0,True
20,1,S_LSHADE_DP,14,0.0,567663.0,True
20,1,S_LSHADE_DP,15,0.0,570185.0,True
20,1,S_LSHADE_DP,16,0.0,565777.0,True
20,1,S_LSHADE_DP,17,0.0,569104.0,True
20,1,S_LSHADE_DP,18,0.0,566467.0,True
20,1,S_LSHADE_DP,19,0.0,564719.0,True
20,1,S_LSHADE_DP,20,0.0,566697.0,True
20,1,S_LSHADE_DP,21,0.0,567754.0,True
20,1,S_LSHADE_DP,22,0.0,561039.0,True
20,1,S_LSHADE_DP,23,0.0,563707.0,True
20,1,S_LSHADE_DP,24,0.0,567065.0,True
20,1,S_LSHADE_DP,25,0.0,566145.0,True
20,1,S_LSHADE_DP,26,0.0,564765.0,True
20,1,S_LSHADE_DP,27,0.0,563845.0,True
20,1,S_LSHADE_DP,28,0.0,568744.0,True
20,1,S_LSHADE_DP,29,0.0,567709.0,True
20,1,S_LSHADE_DP,30,0.0,566789.0,True
20,1,NL-SHADE-RSP-MID,1,0.0,297869.0,True
20,1,NL-SHADE-RSP-MID,2,0.0,295937.0,True
20,1,NL-SHADE-RSP-MID,3,0.0,373440.0,True
20,1,NL-SHADE-RSP-MID,4,0.0,331784.0,True
20,1,NL-SHADE-RSP-MID,5,0.0,355139.0,True
20,1,NL-SHADE-RSP-MID,6,0.0,336615.0,True
20,1,NL-SHADE-RSP-MID,7,0.0,339341.0,True
20,1,NL-SHADE-RSP-MID,8,0.0,319770.0,True
20,1,NL-SHADE-RSP-MID,9,0.0,329422.0,True
20,1,NL-SHADE-RSP-MID,10,0.0,315589.0,True
20,1,NL-SHADE-RSP-MID,11,0.0,327269.0,True
20,1,NL-SHADE-RSP-MID,12,0.0,322704.0,True
20,1,NL-SHADE-RSP-MID,13,0.0,340187.0,True
20,1,NL-SHADE-RSP-MID,14,0.0,345147.0,True
20,1,NL-SHADE-RSP-MID,15,0.0,316831.0,True
20,1,NL-SHADE-RSP-MID,16,0.0,378468.0,True
20,1,NL-SHADE-RSP-MID,17,0.0,325878.0,True
20,1,NL-SHADE-RSP-MID,18,0.0,329129.0,True
20,1,NL-SHADE-RSP-MID,19,0.0,318595.0,True
20,1,NL-SHADE-RSP-MID,20,0.0,296818.0,True
20,1,NL-SHADE-RSP-MID,21,0.0,330960.0,True
20,1,NL-SHADE-RSP-MID,22,0.0,343937.0,True
20,1,NL-SHADE-RSP-MID,23,0.0,316084.0,True
20,1,NL-SHADE-RSP-MID,24,0.0,314599.0,True
20,1,NL-SHADE-RSP-MID,25,0.0,313938.0,True
20,1,NL-SHADE-RSP-MID,26,0.0,329874.0,True
20,1,NL-SHADE-RSP-MID,27,0.0,327746.0,True
20,1,NL-SHADE-RSP-MID,28,0.0,323598.0,True
20,1,NL-SHADE-RSP-MID,29,0.0,320872.0,True
20,1,NL-SHADE-RSP-MID,30,0.0,321099.0,True
20,1,Co-PPSO,1,0.0,630958.0,True
20,1,Co-PPSO,2,0.0,398108.0,True
20,1,Co-PPSO,3,0.0,630958.0,True
20,1,Co-PPSO,4,0.0,630958.0,True
20,1,Co-PPSO,5,0.0,630958.0,True
20,1,Co-PPSO,6,0.0,630958.0,True
20,1,Co-PPSO,7,0.0,630958.0,True
20,1,Co-PPSO,8,0.0,630958.0,True
20,1,Co-PPSO,9,0.0,398108.0,True
20,1,Co-PPSO,10,0.0,630958.0,True
20,1,Co-PPSO,11,0.0,630958.0,True
20,1,Co-PPSO,12,0.0,630958.0,True
20,1,Co-PPSO,13,0.0,630958.0,True
20,1,Co-PPSO,14,0.0,630958.0,True
20,1,Co-PPSO,15,0.0,630958.0,True
20,1,Co-PPSO,16,0.0,630958.0,True
20,1,Co-PPSO,17,0.0,630958.0,True
20,1,Co-PPSO,18,0.0,630958.0,True
20,1,Co-PPSO,19,0.0,630958.0,True
20,1,Co-PPSO,20,0.0,630958.0,True
20,1,Co-PPSO,21,0.0,630958.0,True
20,1,Co-PPSO,22,0.0,630958.0,True
20,1,Co-PPSO,23,0.0,398108.0,True
20,1,Co-PPSO,24,0.0,630958.0,True
20,1,Co-PPSO,25,0.0,630958.0,True
20,1,Co-PPSO,26,0.0,630958.0,True
20,1,Co-PPSO,27,0.0,398108.0,True
20,1,Co-PPSO,28,0.0,630958.0,True
20,1,Co-PPSO,29,0.0,630958.0,True
20,1,Co-PPSO,30,0.0,630958.0,True
20,1,NLSOMACLP,1,0.0,463169.0,True
20,1,NLSOMACLP,2,0.0,475464.0,True
20,1,NLSOMACLP,3,0.0,487477.0,True
20,1,NLSOMACLP,4,0.0,473036.0,True
20,1,NLSOMACLP,5,0.0,466973.0,True
20,1,NLSOMACLP,6,0.0,473703.0,True
20,1,NLSOMACLP,7,0.0,460771.0,True
20,1,NLSOMACLP,8,0.0,473839.0,True
20,1,NLSOMACLP,9,0.0,466963.0,True
20,1,NLSOMACLP,10,0.0,471652.0,True
20,1,NLSOMACLP,11,0.0,478317.0,True
20,1,NLSOMACLP,12,0.0,467814.0,True
20,1,NLSOMACLP,13,0.0,514320.0,True
20,1,NLSOMACLP,14,0.0,464858.0,True
20,1,NLSOMACLP,15,0.0,480728.0,True
20,1,NLSOMACLP,16,0.0,483818.0,True
20,1,NLSOMACLP,17,0.0,472744.0,True
20,1,NLSOMACLP,18,0.0,491537.0,True
20,1,NLSOMACLP,19,0.0,474563.0,True
20,1,NLSOMACLP,20,0.0,486568.0,True
20,1,NLSOMACLP,21,0.0,466231.0,True
20,1,NLSOMACLP,22,0.0,471486.0,True
20,1,NLSOMACLP,23,0.0,471940.0,True
20,1,NLSOMACLP,24,0.0,467444.0,True
20,1,NLSOMACLP,25,0.0,481238.0,True
20,1,NLSOMACLP,26,0.0,447369.0,True
20,1,NLSOMACLP,27,0.0,485494.0,True
20,1,NLSOMACLP,28,0.0,492655.0,True
20,1,NLSOMACLP,29,0.0,467547.0,True
20,1,NLSOMACLP,30,0.0,458406.0,True
20,2,PDABC,1,28.935606268912068,1000000.0,False
20,2,PDABC,2,49.084478979481446,1000000.0,False
20,2,PDABC,3,44.89546931745133,1000000.0,False
20,2,PDABC,4,2.2344610701334204,1000000.0,False
20,2,PDABC,5,44.89546931745133,1000000.0,False
20,2,PDABC,6,0.44046566928079756,1000000.0,False
20,2,PDABC,7,44.89546931745133,1000000.0,False
20,2,PDABC,8,2.7085484640650748,1000000.0,False
20,2,PDABC,9,44.89546931745133,1000000.0,False
20,2,PDABC,10,2.1159361809225175,1000000.0,False
20,2,PDABC,11,49.08447897948139,1000000.0,False
20,2,PDABC,12,49.08447897948133,1000000.0,False
20,2,PDABC,13,44.89546931745133,1000000.0,False
20,2,PDABC,14,28.935606268911897,1000000.0,False
20,2,PDABC,15,28.93560626891241,1000000.0,False
20,2,PDABC,16,44.89546931745133,1000000.0,False
20,2,PDABC,17,49.08447897948133,1000000.0,False
20,2,PDABC,18,49.08447897948139,1000000.0,False
20,2,PDABC,19,0.13442734320386762,1000000.0,False
20,2,PDABC,20,44.89546931745133,1000000.0,False
20,2,PDABC,21,49.08447897948139,1000000.0,False
20,2,PDABC,22,49.08447897948133,1000000.0,False
20,2,PDABC,23,44.89546931745144,1000000.0,False
20,2,PDABC,24,28.935606268912238,1000000.0,False
20,2,PDABC,25,44.89546931745133,1000000.0,False
20,2,PDABC,26,0.47786230620039305,1000000.0,False
20,2,PDABC,27,1.779702421754223,1000000.0,False
20,2,PDABC,28,44.89546931745133,1000000.0,False
20,2,PDABC,29,2.500313824852128,1000000.0,False
20,2,PDABC,30,44.89546931745133,1000000.0,False
20,2,ABC,1,0.626500685,1000000.0,False
20,2,ABC,2,6.04859979,1000000.0,False
20,2,ABC,3,5.46651192,1000000.0,False
20,2,ABC,4,17.1602434,1000000.0,False
20,2,ABC,5,0.264880961,1000000.0,False
20,2,ABC,6,6.37729998,1000000.0,False
20,2,ABC,7,6.13715196,1000000.0,False
20,2,ABC,8,4.30328792,1000000.0,False
20,2,ABC,9,6.50902883,1000000.0,False
20,2,ABC,10,5.03526728,1000000.0,False
20,2,ABC,11,4.00151167,1000000.0,False
20,2,ABC,12,6.53504484,1000000.0,False
20,2,ABC,13,6.93314865,1000000.0,False
20,2,ABC,14,4.02337104,1000000.0,False
20,2,ABC,15,0.746237919,1000000.0,False
20,2,ABC,16,29.6006007,1000000.0,False
20,2,ABC,17,5.06650398,1000000.0,False
20,2,ABC,18,0.349274272,1000000.0,False
20,2,ABC,19,0.222790173,1000000.0,False
20,2,ABC,20,4.37110132,1000000.0,False
20,2,ABC,21,29.1434819,1000000.0,False
20,2,ABC,22,0.380850357,1000000.0,False
20,2,ABC,23,0.238097052,1000000.0,False
20,2,ABC,24,4.05401657,1000000.0,False
20,2,ABC,25,0.544094235,1000000.0,False
20,2,ABC,26,3.90827599,1000000.0,False
20,2,ABC,27,4.49200149,1000000.0,False
20,2,ABC,28,6.47917127,1000000.0,False
20,2,ABC,29,5.81330799,1000000.0,False
20,2,ABC,30,2.78640883,1000000.0,False
20,2,ZOCMAES,1,0.0,143292.0,True
20,2,ZOCMAES,2,0.000116,1000000.0,False
20,2,ZOCMAES,3,48.902931,1000000.0,False
20,2,ZOCMAES,4,48.902619,1000000.0,False
20,2,ZOCMAES,5,48.902904,1000000.0,False
20,2,ZOCMAES,6,48.902871,1000000.0,False
20,2,ZOCMAES,7,48.902335,1000000.0,False
20,2,ZOCMAES,8,48.903099,1000000.0,False
20,2,ZOCMAES,9,4.029942,1000000.0,False
20,2,ZOCMAES,10,9e-06,1000000.0,False
20,2,ZOCMAES,11,48.902727,1000000.0,False
20,2,ZOCMAES,12,1e-06,1000000.0,False
20,2,ZOCMAES,13,49.084479,1000000.0,False
20,2,ZOCMAES,14,48.902572,1000000.0,False
20,2,ZOCMAES,15,49.084479,1000000.0,False
20,2,ZOCMAES,16,48.902804,1000000.0,False
20,2,ZOCMAES,17,48.902618,1000000.0,False
20,2,ZOCMAES,18,4.029364,1000000.0,False
20,2,ZOCMAES,19,7e-06,1000000.0,False
20,2,ZOCMAES,20,0.002642,1000000.0,False
20,2,ZOCMAES,21,48.903047,1000000.0,False
20,2,ZOCMAES,22,49.084479,1000000.0,False
20,2,ZOCMAES,23,49.084479,1000000.0,False
20,2,ZOCMAES,24,48.902617,1000000.0,False
20,2,ZOCMAES,25,48.902786,1000000.0,False
20,2,ZOCMAES,26,49.084479,1000000.0,False
20,2,ZOCMAES,27,0.000271,1000000.0,False
20,2,ZOCMAES,28,0.000132,1000000.0,False
20,2,ZOCMAES,29,1e-05,1000000.0,False
20,2,ZOCMAES,30,48.902946,1000000.0,False
20,2,EA4eigN100_10,1,0.0,630958.0,True
20,2,EA4eigN100_10,2,0.0,630958.0,True
20,2,EA4eigN100_10,3,0.0,630958.0,True
20,2,EA4eigN100_10,4,0.0,630958.0,True
20,2,EA4eigN100_10,5,0.0,630958.0,True
20,2,EA4eigN100_10,6,0.0,630958.0,True
20,2,EA4eigN100_10,7,0.0,630958.0,True
20,2,EA4eigN100_10,8,0.0,630958.0,True
20,2,EA4eigN100_10,9,0.0,630958.0,True
20,2,EA4eigN100_10,10,0.0,630958.0,True
20,2,EA4eigN100_10,11,0.0,630958.0,True
20,2,EA4eigN100_10,12,0.0,630958.0,True
20,2,EA4eigN100_10,13,0.0,630958.0,True
20,2,EA4eigN100_10,14,0.0,630958.0,True
20,2,EA4eigN100_10,15,0.0,630958.0,True
20,2,EA4eigN100_10,16,0.0,630958.0,True
20,2,EA4eigN100_10,17,0.0,630958.0,True
20,2,EA4eigN100_10,18,0.0,630958.0,True
20,2,EA4eigN100_10,19,0.0,630958.0,True
20,2,EA4eigN100_10,20,0.0,630958.0,True
20,2,EA4eigN100_10,21,0.0,630958.0,True
20,2,EA4eigN100_10,22,0.0,630958.0,True
20,2,EA4eigN100_10,23,3.9866239,1000000.0,False
20,2,EA4eigN100_10,24,3.9866239,1000000.0,False
20,2,EA4eigN100_10,25,3.9866239,1000000.0,False
20,2,EA4eigN100_10,26,3.9866239,1000000.0,False
20,2,EA4eigN100_10,27,3.9866239,1000000.0,False
20,2,EA4eigN100_10,28,3.9866239,1000000.0,False
20,2,EA4eigN100_10,29,3.9866239,1000000.0,False
20,2,EA4eigN100_10,30,3.9866239,1000000.0,False
20,2,NL-SHADE-LBC,1,49.0845,1000000.0,False
20,2,NL-SHADE-LBC,2,49.0845,1000000.0,False
20,2,NL-SHADE-LBC,3,49.0845,1000000.0,False
20,2,NL-SHADE-LBC,4,49.0845,1000000.0,False
20,2,NL-SHADE-LBC,5,49.0845,1000000.0,False
20,2,NL-SHADE-LBC,6,49.0845,1000000.0,False
20,2,NL-SHADE-LBC,7,49.0845,1000000.0,False
20,2,NL-SHADE-LBC,8,49.0845,1000000.0,False
20,2,NL-SHADE-LBC,9,49.0845,1000000.0,False
20,2,NL-SHADE-LBC,10,49.0845,1000000.0,False
20,2,NL-SHADE-LBC,11,49.0845,1000000.0,False
20,2,NL-SHADE-LBC,12,49.0845,1000000.0,False
20,2,NL-SHADE-LBC,13,49.0845,1000000.0,False
20,2,NL-SHADE-LBC,14,49.0845,1000000.0,False
20,2,NL-SHADE-LBC,15,0.00801255,1000000.0,False
20,2,NL-SHADE-LBC,16,49.0845,1000000.0,False
20,2,NL-SHADE-LBC,17,49.0845,1000000.0,False
20,2,NL-SHADE-LBC,18,49.0845,1000000.0,False
20,2,NL-SHADE-LBC,19,49.0845,1000000.0,False
20,2,NL-SHADE-LBC,20,49.0845,1000000.0,False
20,2,NL-SHADE-LBC,21,49.0845,1000000.0,False
20,2,NL-SHADE-LBC,22,49.0845,1000000.0,False
20,2,NL-SHADE-LBC,23,49.0845,1000000.0,False
20,2,NL-SHADE-LBC,24,49.0845,1000000.0,False
20,2,NL-SHADE-LBC,25,49.0845,1000000.0,False
20,2,NL-SHADE-LBC,26,49.0845,1000000.0,False
20,2,NL-SHADE-LBC,27,49.0845,1000000.0,False
20,2,NL-SHADE-LBC,28,49.0845,1000000.0,False
20,2,NL-SHADE-LBC,29,49.0845,1000000.0,False
20,2,NL-SHADE-LBC,30,44.8955,1000000.0,False
20,2,S_LSHADE_DP,1,0.0,590310.0,True
20,2,S_LSHADE_DP,2,0.0,601090.0,True
20,2,S_LSHADE_DP,3,0.0,635131.0,True
20,2,S_LSHADE_DP,4,0.0,625057.0,True
20,2,S_LSHADE_DP,5,0.0,637707.0,True
20,2,S_LSHADE_DP,6,0.0,627665.0,True
20,2,S_LSHADE_DP,7,0.0,614378.0,True
20,2,S_LSHADE_DP,8,0.0,617278.0,True
20,2,S_LSHADE_DP,9,0.0,588714.0,True
20,2,S_LSHADE_DP,10,0.0,592840.0,True
20,2,S_LSHADE_DP,11,0.0,583047.0,True
20,2,S_LSHADE_DP,12,0.0,586521.0,True
20,2,S_LSHADE_DP,13,4.03026,1000000.0,False
20,2,S_LSHADE_DP,14,0.0,624659.0,True
20,2,S_LSHADE_DP,15,0.0,607218.0,True
20,2,S_LSHADE_DP,16,0.0,658502.0,True
20,2,S_LSHADE_DP,17,0.0,601528.0,True
20,2,S_LSHADE_DP,18,0.0,599551.0,True
20,2,S_LSHADE_DP,19,0.0,623144.0,True
20,2,S_LSHADE_DP,20,0.0,633647.0,True
20,2,S_LSHADE_DP,21,0.0,632792.0,True
20,2,S_LSHADE_DP,22,4.03026,1000000.0,False
20,2,S_LSHADE_DP,23,4.03026,1000000.0,False
20,2,S_LSHADE_DP,24,0.0,639030.0,True
20,2,S_LSHADE_DP,25,0.0,624379.0,True
20,2,S_LSHADE_DP,26,0.0,634897.0,True
20,2,S_LSHADE_DP,27,0.0,658145.0,True
20,2,S_LSHADE_DP,28,0.0,629695.0,True
20,2,S_LSHADE_DP,29,0.0,658553.0,True
20,2,S_LSHADE_DP,30,0.0,577444.0,True
20,2,NL-SHADE-RSP-MID,1,0.14542,1000000.0,False
20,2,NL-SHADE-RSP-MID,2,0.117608,1000000.0,False
20,2,NL-SHADE-RSP-MID,3,1.15456,1000000.0,False
20,2,NL-SHADE-RSP-MID,4,0.117834,1000000.0,False
20,2,NL-SHADE-RSP-MID,5,0.385106,1000000.0,False
20,2,NL-SHADE-RSP-MID,6,4.18428,1000000.0,False
20,2,NL-SHADE-RSP-MID,7,44.8955,1000000.0,False
20,2,NL-SHADE-RSP-MID,8,3.64598e-05,1000000.0,False
20,2,NL-SHADE-RSP-MID,9,0.315023,1000000.0,False
20,2,NL-SHADE-RSP-MID,10,30.2837,1000000.0,False
20,2,NL-SHADE-RSP-MID,11,0.248276,1000000.0,False
20,2,NL-SHADE-RSP-MID,12,0.00123105,1000000.0,False
20,2,NL-SHADE-RSP-MID,13,0.0407686,1000000.0,False
20,2,NL-SHADE-RSP-MID,14,0.0226385,1000000.0,False
20,2,NL-SHADE-RSP-MID,15,4.03026,1000000.0,False
20,2,NL-SHADE-RSP-MID,16,0.165532,1000000.0,False
20,2,NL-SHADE-RSP-MID,17,1.72206,1000000.0,False
20,2,NL-SHADE-RSP-MID,18,0.137329,1000000.0,False
20,2,NL-SHADE-RSP-MID,19,32.1457,1000000.0,False
20,2,NL-SHADE-RSP-MID,20,0.0428687,1000000.0,False
20,2,NL-SHADE-RSP-MID,21,0.516764,1000000.0,False
20,2,NL-SHADE-RSP-MID,22,44.9425,1000000.0,False
20,2,NL-SHADE-RSP-MID,23,0.00651006,1000000.0,False
20,2,NL-SHADE-RSP-MID,24,0.0273677,1000000.0,False
20,2,NL-SHADE-RSP-MID,25,2.92847,1000000.0,False
20,2,NL-SHADE-RSP-MID,26,4.03026,1000000.0,False
20,2,NL-SHADE-RSP-MID,27,1.08159,1000000.0,False
20,2,NL-SHADE-RSP-MID,28,44.8955,1000000.0,False
20,2,NL-SHADE-RSP-MID,29,49.0845,1000000.0,False
20,2,NL-SHADE-RSP-MID,30,0.194033,1000000.0,False
20,2,Co-PPSO,1,19.368896,1000000.0,False
20,2,Co-PPSO,2,16.757115,1000000.0,False
20,2,Co-PPSO,3,16.710938,1000000.0,False
20,2,Co-PPSO,4,16.418864,1000000.0,False
20,2,Co-PPSO,5,16.866481,1000000.0,False
20,2,Co-PPSO,6,16.16064,1000000.0,False
20,2,Co-PPSO,7,16.512656,1000000.0,False
20,2,Co-PPSO,8,15.635572,1000000.0,False
20,2,Co-PPSO,9,15.916261,1000000.0,False
20,2,Co-PPSO,10,15.329438,1000000.0,False
20,2,Co-PPSO,11,15.959051,1000000.0,False
20,2,Co-PPSO,12,16.321622,1000000.0,False
20,2,Co-PPSO,13,15.251655,1000000.0,False
20,2,Co-PPSO,14,19.314602,1000000.0,False
20,2,Co-PPSO,15,16.010721,1000000.0,False
20,2,Co-PPSO,16,17.400811,1000000.0,False
20,2,Co-PPSO,17,17.25045,1000000.0,False
20,2,Co-PPSO,18,16.437757,1000000.0,False
20,2,Co-PPSO,19,16.321476,1000000.0,False
20,2,Co-PPSO,20,16.813578,1000000.0,False
20,2,Co-PPSO,21,16.310754,1000000.0,False
20,2,Co-PPSO,22,16.025222,1000000.0,False
20,2,Co-PPSO,23,17.808656,1000000.0,False
20,2,Co-PPSO,24,16.631673,1000000.0,False
20,2,Co-PPSO,25,14.032114,1000000.0,False
20,2,Co-PPSO,26,15.440184,1000000.0,False
20,2,Co-PPSO,27,19.284472,1000000.0,False
20,2,Co-PPSO,28,16.746336,1000000.0,False
20,2,Co-PPSO,29,16.502793,1000000.0,False
20,2,Co-PPSO,30,16.851056,1000000.0,False
20,2,NLSOMACLP,1,49.084479,1000000.0,False
20,2,NLSOMACLP,2,49.084479,1000000.0,False
20,2,NLSOMACLP,3,49.084479,1000000.0,False
20,2,NLSOMACLP,4,49.084479,1000000.0,False
20,2,NLSOMACLP,5,2.97004947,1000000.0,False
20,2,NLSOMACLP,6,49.084479,1000000.0,False
20,2,NLSOMACLP,7,5.51542419,1000000.0,False
20,2,NLSOMACLP,8,49.084479,1000000.0,False
20,2,NLSOMACLP,9,49.084479,1000000.0,False
20,2,NLSOMACLP,10,49.084479,1000000.0,False
20,2,NLSOMACLP,11,49.084479,1000000.0,False
20,2,NLSOMACLP,12,49.084479,1000000.0,False
20,2,NLSOMACLP,13,49.084479,1000000.0,False
20,2,NLSOMACLP,14,49.084479,1000000.0,False
20,2,NLSOMACLP,15,1.64962576,1000000.0,False
20,2,NLSOMACLP,16,49.084479,1000000.0,False
20,2,NLSOMACLP,17,49.084479,1000000.0,False
20,2,NLSOMACLP,18,4.00809915,1000000.0,False
20,2,NLSOMACLP,19,49.084479,1000000.0,False
20,2,NLSOMACLP,20,49.084479,1000000.0,False
20,2,NLSOMACLP,21,49.084479,1000000.0,False
20,2,NLSOMACLP,22,2.90191912,1000000.0,False
20,2,NLSOMACLP,23,49.084479,1000000.0,False
20,2,NLSOMACLP,24,4.93220337,1000000.0,False
20,2,NLSOMACLP,25,49.084479,1000000.0,False
20,2,NLSOMACLP,26,1.83541234,1000000.0,False
20,2,NLSOMACLP,27,3.83731802,1000000.0,False
20,2,NLSOMACLP,28,1.79283336,1000000.0,False
20,2,NLSOMACLP,29,49.084479,1000000.0,False
20,2,NLSOMACLP,30,49.084479,1000000.0,False
20,3,PDABC,1,1e-08,20570.0,True
20,3,PDABC,2,1e-08,22349.0,True
20,3,PDABC,3,1e-08,22211.0,True
20,3,PDABC,4,1e-08,22134.0,True
20,3,PDABC,5,1e-08,21278.0,True
20,3,PDABC,6,1e-08,22455.0,True
20,3,PDABC,7,1e-08,22585.0,True
20,3,PDABC,8,1e-08,23207.0,True
20,3,PDABC,9,1e-08,21599.0,True
20,3,PDABC,10,1e-08,22231.0,True
20,3,PDABC,11,1e-08,22776.0,True
20,3,PDABC,12,1e-08,22138.0,True
20,3,PDABC,13,1e-08,21224.0,True
20,3,PDABC,14,1e-08,20307.0,True
20,3,PDABC,15,1e-08,22520.0,True
20,3,PDABC,16,1e-08,22255.0,True
20,3,PDABC,17,1e-08,22854.0,True
20,3,PDABC,18,1e-08,21635.0,True
20,3,PDABC,19,1e-08,22798.0,True
20,3,PDABC,20,1e-08,22466.0,True
20,3,PDABC,21,1e-08,22411.0,True
20,3,PDABC,22,1e-08,22917.0,True
20,3,PDABC,23,1e-08,22000.0,True
20,3,PDABC,24,1e-08,21409.0,True
20,3,PDABC,25,1e-08,22164.0,True
20,3,PDABC,26,1e-08,22901.0,True
20,3,PDABC,27,1e-08,22178.0,True
20,3,PDABC,28,1e-08,21923.0,True
20,3,PDABC,29,1e-08,22450.0,True
20,3,PDABC,30,1e-08,21892.0,True
20,3,ABC,1,1e-08,21315.0,True
20,3,ABC,2,1e-08,20087.0,True
20,3,ABC,3,1e-08,21676.0,True
20,3,ABC,4,1e-08,20878.0,True
20,3,ABC,5,1e-08,21056.0,True
20,3,ABC,6,1e-08,22026.0,True
20,3,ABC,7,1e-08,20861.0,True
20,3,ABC,8,1e-08,21767.0,True
20,3,ABC,9,1e-08,20835.0,True
20,3,ABC,10,1e-08,20743.0,True
20,3,ABC,11,1e-08,23278.0,True
20,3,ABC,12,1e-08,22022.0,True
20,3,ABC,13,1e-08,19991.0,True
20,3,ABC,14,1e-08,20299.0,True
20,3,ABC,15,1e-08,20988.0,True
20,3,ABC,16,1e-08,21676.0,True
20,3,ABC,17,1e-08,22238.0,True
20,3,ABC,18,1e-08,21268.0,True
20,3,ABC,19,1e-08,21987.0,True
20,3,ABC,20,1e-08,20547.0,True
20,3,ABC,21,1e-08,20653.0,True
20,3,ABC,22,1e-08,21850.0,True
20,3,ABC,23,1e-08,21870.0,True
20,3,ABC,24,1e-08,20736.0,True
20,3,ABC,25,1e-08,20389.0,True
20,3,ABC,26,1e-08,20949.0,True
20,3,ABC,27,1e-08,19931.0,True
20,3,ABC,28,1e-08,21898.0,True
20,3,ABC,29,1e-08,20177.0,True
20,3,ABC,30,1e-08,21043.0,True
20,3,ZOCMAES,1,0.017477,1000000.0,False
20,3,ZOCMAES,2,0.0,137697.0,True
20,3,ZOCMAES,3,0.0,102746.0,True
20,3,ZOCMAES,4,0.0,95577.0,True
20,3,ZOCMAES,5,0.0,162044.0,True
20,3,ZOCMAES,6,0.0,113947.0,True
20,3,ZOCMAES,7,0.0,103461.0,True
20,3,ZOCMAES,8,0.000436,1000000.0,False
20,3,ZOCMAES,9,0.0,143673.0,True
20,3,ZOCMAES,10,0.649484,1000000.0,False
20,3,ZOCMAES,11,0.424531,1000000.0,False
20,3,ZOCMAES,12,0.008677,1000000.0,False
20,3,ZOCMAES,13,0.0,147644.0,True
20,3,ZOCMAES,14,0.0,148703.0,True
20,3,ZOCMAES,15,0.0,95640.0,True
20,3,ZOCMAES,16,0.0,144442.0,True
20,3,ZOCMAES,17,0.066063,1000000.0,False
20,3,ZOCMAES,18,0.0,106081.0,True
20,3,ZOCMAES,19,1e-06,1000000.0,False
20,3,ZOCMAES,20,0.026655,1000000.0,False
20,3,ZOCMAES,21,0.053302,1000000.0,False
20,3,ZOCMAES,22,0.144689,1000000.0,False
20,3,ZOCMAES,23,8.8e-05,1000000.0,False
20,3,ZOCMAES,24,0.048116,1000000.0,False
20,3,ZOCMAES,25,0.0,95833.0,True
20,3,ZOCMAES,26,0.0,118365.0,True
20,3,ZOCMAES,27,0.063655,1000000.0,False
20,3,ZOCMAES,28,0.0,136006.0,True
20,3,ZOCMAES,29,0.0,157395.0,True
20,3,ZOCMAES,30,0.0,136564.0,True
20,3,EA4eigN100_10,1,0.0,251189.0,True
20,3,EA4eigN100_10,2,0.0,251189.0,True
20,3,EA4eigN100_10,3,0.0,398108.0,True
20,3,EA4eigN100_10,4,0.0,398108.0,True
20,3,EA4eigN100_10,5,0.0,398108.0,True
20,3,EA4eigN100_10,6,0.0,251189.0,True
20,3,EA4eigN100_10,7,0.0,398108.0,True
20,3,EA4eigN100_10,8,0.0,398108.0,True
20,3,EA4eigN100_10,9,0.0,251189.0,True
20,3,EA4eigN100_10,10,0.0,251189.0,True
20,3,EA4eigN100_10,11,0.0,251189.0,True
20,3,EA4eigN100_10,12,0.0,251189.0,True
20,3,EA4eigN100_10,13,0.0,398108.0,True
20,3,EA4eigN100_10,14,0.0,398108.0,True
20,3,EA4eigN100_10,15,0.0,398108.0,True
20,3,EA4eigN100_10,16,0.0,251189.0,True
20,3,EA4eigN100_10,17,0.0,251189.0,True
20,3,EA4eigN100_10,18,0.0,251189.0,True
20,3,EA4eigN100_10,19,0.0,398108.0,True
20,3,EA4eigN100_10,20,0.0,251189.0,True
20,3,EA4eigN100_10,21,0.0,398108.0,True
20,3,EA4eigN100_10,22,0.0,251189.0,True
20,3,EA4eigN100_10,23,0.0,398108.0,True
20,3,EA4eigN100_10,24,0.0,398108.0,True
20,3,EA4eigN100_10,25,0.0,398108.0,True
20,3,EA4eigN100_10,26,0.0,251189.0,True
20,3,EA4eigN100_10,27,0.0,398108.0,True
20,3,EA4eigN100_10,28,0.0,398108.0,True
20,3,EA4eigN100_10,29,0.0,398108.0,True
20,3,EA4eigN100_10,30,0.0,251189.0,True
20,3,NL-SHADE-LBC,1,0.0,156768.0,True
20,3,NL-SHADE-LBC,2,0.0,156262.0,True
20,3,NL-SHADE-LBC,3,0.0,157020.0,True
20,3,NL-SHADE-LBC,4,0.0,155987.0,True
20,3,NL-SHADE-LBC,5,0.0,154902.0,True
20,3,NL-SHADE-LBC,6,0.0,157804.0,True
20,3,NL-SHADE-LBC,7,0.0,156134.0,True
20,3,NL-SHADE-LBC,8,0.0,154363.0,True
20,3,NL-SHADE-LBC,9,0.0,155921.0,True
20,3,NL-SHADE-LBC,10,0.0,159134.0,True
20,3,NL-SHADE-LBC,11,0.0,158040.0,True
20,3,NL-SHADE-LBC,12,0.0,158514.0,True
20,3,NL-SHADE-LBC,13,0.0,155499.0,True
20,3,NL-SHADE-LBC,14,0.0,159213.0,True
20,3,NL-SHADE-LBC,15,0.0,156687.0,True
20,3,NL-SHADE-LBC,16,0.0,158234.0,True
20,3,NL-SHADE-LBC,17,0.0,154665.0,True
20,3,NL-SHADE-LBC,18,0.0,156104.0,True
20,3,NL-SHADE-LBC,19,0.0,158524.0,True
20,3,NL-SHADE-LBC,20,0.0,158195.0,True
20,3,NL-SHADE-LBC,21,0.0,154558.0,True
20,3,NL-SHADE-LBC,22,0.0,158120.0,True
20,3,NL-SHADE-LBC,23,0.0,155937.0,True
20,3,NL-SHADE-LBC,24,0.0,154911.0,True
20,3,NL-SHADE-LBC,25,0.0,159390.0,True
20,3,NL-SHADE-LBC,26,0.0,156690.0,True
20,3,NL-SHADE-LBC,27,0.0,154479.0,True
20,3,NL-SHADE-LBC,28,0.0,158206.0,True
20,3,NL-SHADE-LBC,29,0.0,158715.0,True
20,3,NL-SHADE-LBC,30,0.0,158807.0,True
20,3,S_LSHADE_DP,1,0.0,210946.0,True
20,3,S_LSHADE_DP,2,0.0,214771.0,True
20,3,S_LSHADE_DP,3,0.0,209586.0,True
20,3,S_LSHADE_DP,4,0.0,204626.0,True
20,3,S_LSHADE_DP,5,0.0,207826.0,True
20,3,S_LSHADE_DP,6,0.0,207746.0,True
20,3,S_LSHADE_DP,7,0.0,206466.0,True
20,3,S_LSHADE_DP,8,0.0,211586.0,True
20,3,S_LSHADE_DP,9,0.0,210066.0,True
20,3,S_LSHADE_DP,10,0.0,205746.0,True
20,3,S_LSHADE_DP,11,0.0,211026.0,True
20,3,S_LSHADE_DP,12,0.0,213186.0,True
20,3,S_LSHADE_DP,13,0.0,209426.0,True
20,3,S_LSHADE_DP,14,0.0,209586.0,True
20,3,S_LSHADE_DP,15,0.0,203506.0,True
20,3,S_LSHADE_DP,16,0.0,206626.0,True
20,3,S_LSHADE_DP,17,0.0,209986.0,True
20,3,S_LSHADE_DP,18,0.0,213266.0,True
20,3,S_LSHADE_DP,19,0.0,208306.0,True
20,3,S_LSHADE_DP,20,0.0,202700.0,True
20,3,S_LSHADE_DP,21,0.0,210386.0,True
20,3,S_LSHADE_DP,22,0.0,211666.0,True
20,3,S_LSHADE_DP,23,0.0,207586.0,True
20,3,S_LSHADE_DP,24,0.0,209346.0,True
20,3,S_LSHADE_DP,25,0.0,208546.0,True
20,3,S_LSHADE_DP,26,0.0,210866.0,True
20,3,S_LSHADE_DP,27,0.0,210786.0,True
20,3,S_LSHADE_DP,28,0.0,215324.0,True
20,3,S_LSHADE_DP,29,0.0,206706.0,True
20,3,S_LSHADE_DP,30,0.0,208866.0,True
20,3,NL-SHADE-RSP-MID,1,0.0,140531.0,True
20,3,NL-SHADE-RSP-MID,2,0.0,139948.0,True
20,3,NL-SHADE-RSP-MID,3,0.0,144743.0,True
20,3,NL-SHADE-RSP-MID,4,0.0,141440.0,True
20,3,NL-SHADE-RSP-MID,5,0.0,144377.0,True
20,3,NL-SHADE-RSP-MID,6,0.0,138602.0,True
20,3,NL-SHADE-RSP-MID,7,0.0,142335.0,True
20,3,NL-SHADE-RSP-MID,8,0.0,141799.0,True
20,3,NL-SHADE-RSP-MID,9,0.0,140091.0,True
20,3,NL-SHADE-RSP-MID,10,0.0,145717.0,True
20,3,NL-SHADE-RSP-MID,11,0.0,142716.0,True
20,3,NL-SHADE-RSP-MID,12,0.0,138827.0,True
20,3,NL-SHADE-RSP-MID,13,0.0,142072.0,True
20,3,NL-SHADE-RSP-MID,14,0.0,141045.0,True
20,3,NL-SHADE-RSP-MID,15,0.0,139441.0,True
20,3,NL-SHADE-RSP-MID,16,0.0,138996.0,True
20,3,NL-SHADE-RSP-MID,17,0.0,141768.0,True
20,3,NL-SHADE-RSP-MID,18,0.0,139930.0,True
20,3,NL-SHADE-RSP-MID,19,0.0,142758.0,True
20,3,NL-SHADE-RSP-MID,20,0.0,136153.0,True
20,3,NL-SHADE-RSP-MID,21,0.0,139325.0,True
20,3,NL-SHADE-RSP-MID,22,0.0,140712.0,True
20,3,NL-SHADE-RSP-MID,23,0.0,142584.0,True
20,3,NL-SHADE-RSP-MID,24,0.0,139947.0,True
20,3,NL-SHADE-RSP-MID,25,0.0,140774.0,True
20,3,NL-SHADE-RSP-MID,26,0.0,138329.0,True
20,3,NL-SHADE-RSP-MID,27,0.0,138853.0,True
20,3,NL-SHADE-RSP-MID,28,0.0,138238.0,True
20,3,NL-SHADE-RSP-MID,29,0.0,142986.0,True
20,3,NL-SHADE-RSP-MID,30,0.0,140568.0,True
20,3,Co-PPSO,1,0.0,398108.0,True
20,3,Co-PPSO,2,1.0889644e-05,1000000.0,False
20,3,Co-PPSO,3,1.0171158e-05,1000000.0,False
20,3,Co-PPSO,4,3.1886611e-07,1000000.0,False
20,3,Co-PPSO,5,0.0,398108.0,True
20,3,Co-PPSO,6,2.8697949e-06,1000000.0,False
20,3,Co-PPSO,7,3.1886611e-07,1000000.0,False
20,3,Co-PPSO,8,3.3476769e-05,1000000.0,False
20,3,Co-PPSO,9,0.0,398108.0,True
20,3,Co-PPSO,10,0.0014841332,1000000.0,False
20,3,Co-PPSO,11,0.00019545203,1000000.0,False
20,3,Co-PPSO,12,3.1886611e-07,1000000.0,False
20,3,Co-PPSO,13,2.5427895e-06,1000000.0,False
20,3,Co-PPSO,14,3.1886611e-07,1000000.0,False
20,3,Co-PPSO,15,5.4472133e-05,1000000.0,False
20,3,Co-PPSO,16,2.5427895e-06,1000000.0,False
20,3,Co-PPSO,17,1.4092099e-05,1000000.0,False
20,3,Co-PPSO,18,0.0,398108.0,True
20,3,Co-PPSO,19,2.5427895e-06,1000000.0,False
20,3,Co-PPSO,20,0.0,398108.0,True
20,3,Co-PPSO,21,2.2199669e-05,1000000.0,False
20,3,Co-PPSO,22,1.2754645e-06,1000000.0,False
20,3,Co-PPSO,23,3.1886611e-07,1000000.0,False
20,3,Co-PPSO,24,3.3476769e-05,1000000.0,False
20,3,Co-PPSO,25,3.1886611e-07,1000000.0,False
20,3,Co-PPSO,26,2.5427895e-06,1000000.0,False
20,3,Co-PPSO,27,1.4092029e-05,1000000.0,False
20,3,Co-PPSO,28,3.1886611e-07,1000000.0,False
20,3,Co-PPSO,29,2.2885106e-05,1000000.0,False
20,3,Co-PPSO,30,3.3476769e-05,1000000.0,False
20,3,NLSOMACLP,1,0.0,246684.0,True
20,3,NLSOMACLP,2,0.0,248857.0,True
20,3,NLSOMACLP,3,0.0,247434.0,True
20,3,NLSOMACLP,4,0.0,248799.0,True
20,3,NLSOMACLP,5,0.0,251733.0,True
20,3,NLSOMACLP,6,0.0,249999.0,True
20,3,NLSOMACLP,7,0.0,247560.0,True
20,3,NLSOMACLP,8,0.0,246884.0,True
20,3,NLSOMACLP,9,0.0,246407.0,True
20,3,NLSOMACLP,10,0.0,251896.0,True
20,3,NLSOMACLP,11,0.0,256026.0,True
20,3,NLSOMACLP,12,0.0,247462.0,True
20,3,NLSOMACLP,13,0.0,251467.0,True
20,3,NLSOMACLP,14,0.0,248782.0,True
20,3,NLSOMACLP,15,0.0,247848.0,True
20,3,NLSOMACLP,16,0.0,247890.0,True
20,3,NLSOMACLP,17,0.0,244361.0,True
20,3,NLSOMACLP,18,0.0,250755.0,True
20,3,NLSOMACLP,19,0.0,252234.0,True
20,3,NLSOMACLP,20,0.0,250026.0,True
20,3,NLSOMACLP,21,0.0,249332.0,True
20,3,NLSOMACLP,22,0.0,247498.0,True
20,3,NLSOMACLP,23,0.0,250090.0,True
20,3,NLSOMACLP,24,0.0,251352.0,True
20,3,NLSOMACLP,25,0.0,249747.0,True
20,3,NLSOMACLP,26,0.0,250229.0,True
20,3,NLSOMACLP,27,0.0,253381.0,True
20,3,NLSOMACLP,28,0.0,246815.0,True
20,3,NLSOMACLP,29,0.0,248118.0,True
20,3,NLSOMACLP,30,0.0,245328.0,True
20,4,PDABC,1,24.000000000001705,1000000.0,False
20,4,PDABC,2,28.000000723479502,1000000.0,False
20,4,PDABC,3,20.000512460847176,1000000.0,False
20,4,PDABC,4,38.00000000000091,1000000.0,False
20,4,PDABC,5,24.000002228695394,1000000.0,False
20,4,PDABC,6,28.000000315461307,1000000.0,False
20,4,PDABC,7,34.000123438476635,1000000.0,False
20,4,PDABC,8,26.000000000881528,1000000.0,False
20,4,PDABC,9,30.00004456409488,1000000.0,False
20,4,PDABC,10,34.00000000002876,1000000.0,False
20,4,PDABC,11,32.20775987264915,1000000.0,False
20,4,PDABC,12,16.00000000000034,1000000.0,False
20,4,PDABC,13,27.61507380625949,1000000.0,False
20,4,PDABC,14,20.000000415899535,1000000.0,False
20,4,PDABC,15,30.004121863885757,1000000.0,False
20,4,PDABC,16,14.00000000075147,1000000.0,False
20,4,PDABC,17,22.00000000000034,1000000.0,False
20,4,PDABC,18,32.000000009596306,1000000.0,False
20,4,PDABC,19,26.000000009404516,1000000.0,False
20,4,PDABC,20,14.000000132887408,1000000.0,False
20,4,PDABC,21,14.004417860525109,1000000.0,False
20,4,PDABC,22,20.000000000278987,1000000.0,False
20,4,PDABC,23,40.00006019415753,1000000.0,False
20,4,PDABC,24,32.000000000061846,1000000.0,False
20,4,PDABC,25,44.0000001908428,1000000.0,False
20,4,PDABC,26,20.000004162762366,1000000.0,False
20,4,PDABC,27,22.044429805840878,1000000.0,False
20,4,PDABC,28,30.00000048314348,1000000.0,False
20,4,PDABC,29,32.00003210072282,1000000.0,False
20,4,PDABC,30,32.00000751248979,1000000.0,False
20,4,ABC,1,216.003016,1000000.0,False
20,4,ABC,2,186.000037,1000000.0,False
20,4,ABC,3,150.002061,1000000.0,False
20,4,ABC,4,210.001283,1000000.0,False
20,4,ABC,5,220.00269,1000000.0,False
20,4,ABC,6,146.002982,1000000.0,False
20,4,ABC,7,108.034129,1000000.0,False
20,4,ABC,8,148.229498,1000000.0,False
20,4,ABC,9,148.175533,1000000.0,False
20,4,ABC,10,146.01668,1000000.0,False
20,4,ABC,11,192.015752,1000000.0,False
20,4,ABC,12,192.001751,1000000.0,False
20,4,ABC,13,162.005236,1000000.0,False
20,4,ABC,14,150.002171,1000000.0,False
20,4,ABC,15,202.534525,1000000.0,False
20,4,ABC,16,150.117368,1000000.0,False
20,4,ABC,17,168.003233,1000000.0,False
20,4,ABC,18,190.001349,1000000.0,False
20,4,ABC,19,148.001791,1000000.0,False
20,4,ABC,20,144.002165,1000000.0,False
20,4,ABC,21,196.00086,1000000.0,False
20,4,ABC,22,188.009196,1000000.0,False
20,4,ABC,23,219.154053,1000000.0,False
20,4,ABC,24,161.010869,1000000.0,False
20,4,ABC,25,160.000371,1000000.0,False
20,4,ABC,26,124.01738,1000000.0,False
20,4,ABC,27,178.000482,1000000.0,False
20,4,ABC,28,164.006346,1000000.0,False
20,4,ABC,29,207.608606,1000000.0,False
20,4,ABC,30,174.512701,1000000.0,False
20,4,ZOCMAES,1,23.878997,1000000.0,False
20,4,ZOCMAES,2,19.899171,1000000.0,False
20,4,ZOCMAES,3,20.894125,1000000.0,False
20,4,ZOCMAES,4,20.894125,1000000.0,False
20,4,ZOCMAES,5,8.954632,1000000.0,False
20,4,ZOCMAES,6,11.939509,1000000.0,False
20,4,ZOCMAES,7,26.186333,1000000.0,False
20,4,ZOCMAES,8,54.722607,1000000.0,False
20,4,ZOCMAES,9,23.879002,1000000.0,False
20,4,ZOCMAES,10,21.889079,1000000.0,False
20,4,ZOCMAES,11,25.868915,1000000.0,False
20,4,ZOCMAES,12,33.828558,1000000.0,False
20,4,ZOCMAES,13,8.074337,1000000.0,False
20,4,ZOCMAES,14,12.934468,1000000.0,False
20,4,ZOCMAES,15,13.929422,1000000.0,False
20,4,ZOCMAES,16,15.91933,1000000.0,False
20,4,ZOCMAES,17,25.86892,1000000.0,False
20,4,ZOCMAES,18,9.949591,1000000.0,False
20,4,ZOCMAES,19,6.964713,1000000.0,False
20,4,ZOCMAES,20,14.924376,1000000.0,False
20,4,ZOCMAES,21,15.919335,1000000.0,False
20,4,ZOCMAES,22,8.954632,1000000.0,False
20,4,ZOCMAES,23,6.964713,1000000.0,False
20,4,ZOCMAES,24,25.868895,1000000.0,False
20,4,ZOCMAES,25,9.949586,1000000.0,False
20,4,ZOCMAES,26,10.944545,1000000.0,False
20,4,ZOCMAES,27,36.81345,1000000.0,False
20,4,ZOCMAES,28,30.28491,1000000.0,False
20,4,ZOCMAES,29,61.687351,1000000.0,False
20,4,ZOCMAES,30,9.949591,1000000.0,False
20,4,EA4eigN100_10,1,3.9798362,1000000.0,False
20,4,EA4eigN100_10,2,3.9798362,1000000.0,False
20,4,EA4eigN100_10,3,4.9747953,1000000.0,False
20,4,EA4eigN100_10,4,4.9747953,1000000.0,False
20,4,EA4eigN100_10,5,4.9747953,1000000.0,False
20,4,EA4eigN100_10,6,4.9747953,1000000.0,False
20,4,EA4eigN100_10,7,4.9747953,1000000.0,False
20,4,EA4eigN100_10,8,5.9697543,1000000.0,False
20,4,EA4eigN100_10,9,5.9697543,1000000.0,False
20,4,EA4eigN100_10,10,5.9697543,1000000.0,False
20,4,EA4eigN100_10,11,5.9697543,1000000.0,False
20,4,EA4eigN100_10,12,5.9697543,1000000.0,False
20,4,EA4eigN100_10,13,6.9647134,1000000.0,False
20,4,EA4eigN100_10,14,6.9647134,1000000.0,False
20,4,EA4eigN100_10,15,6.9647134,1000000.0,False
20,4,EA4eigN100_10,16,6.9647134,1000000.0,False
20,4,EA4eigN100_10,17,7.9596725,1000000.0,False
20,4,EA4eigN100_10,18,8.9546315,1000000.0,False
20,4,EA4eigN100_10,19,8.9546315,1000000.0,False
20,4,EA4eigN100_10,20,9.9495906,1000000.0,False
20,4,EA4eigN100_10,21,9.9495906,1000000.0,False
20,4,EA4eigN100_10,22,10.94455,1000000.0,False
20,4,EA4eigN100_10,23,10.94455,1000000.0,False
20,4,EA4eigN100_10,24,11.939504,1000000.0,False
20,4,EA4eigN100_10,25,11.939504,1000000.0,False
20,4,EA4eigN100_10,26,12.934463,1000000.0,False
20,4,EA4eigN100_10,27,12.934463,1000000.0,False
20,4,EA4eigN100_10,28,14.924381,1000000.0,False
20,4,EA4eigN100_10,29,17.909253,1000000.0,False
20,4,EA4eigN100_10,30,19.899166,1000000.0,False
20,4,NL-SHADE-LBC,1,3.98062,1000000.0,False
20,4,NL-SHADE-LBC,2,3.98054,1000000.0,False
20,4,NL-SHADE-LBC,3,4.97665,1000000.0,False
20,4,NL-SHADE-LBC,4,3.98011,1000000.0,False
20,4,NL-SHADE-LBC,5,5.96979,1000000.0,False
20,4,NL-SHADE-LBC,6,5.97038,1000000.0,False
20,4,NL-SHADE-LBC,7,7.96049,1000000.0,False
20,4,NL-SHADE-LBC,8,4.97509,1000000.0,False
20,4,NL-SHADE-LBC,9,4.97548,1000000.0,False
20,4,NL-SHADE-LBC,10,4.97554,1000000.0,False
20,4,NL-SHADE-LBC,11,4.9749,1000000.0,False
20,4,NL-SHADE-LBC,12,1.99007,1000000.0,False
20,4,NL-SHADE-LBC,13,4.97498,1000000.0,False
20,4,NL-SHADE-LBC,14,5.96986,1000000.0,False
20,4,NL-SHADE-LBC,15,3.97988,1000000.0,False
20,4,NL-SHADE-LBC,16,4.97521,1000000.0,False
20,4,NL-SHADE-LBC,17,1.99041,1000000.0,False
20,4,NL-SHADE-LBC,18,2.99979,1000000.0,False
20,4,NL-SHADE-LBC,19,1.99012,1000000.0,False
20,4,NL-SHADE-LBC,20,4.97496,1000000.0,False
20,4,NL-SHADE-LBC,21,4.97747,1000000.0,False
20,4,NL-SHADE-LBC,22,5.96999,1000000.0,False
20,4,NL-SHADE-LBC,23,2.98521,1000000.0,False
20,4,NL-SHADE-LBC,24,3.98094,1000000.0,False
20,4,NL-SHADE-LBC,25,5.97055,1000000.0,False
20,4,NL-SHADE-LBC,26,2.98502,1000000.0,False
20,4,NL-SHADE-LBC,27,2.9852,1000000.0,False
20,4,NL-SHADE-LBC,28,2.98518,1000000.0,False
20,4,NL-SHADE-LBC,29,5.97062,1000000.0,False
20,4,NL-SHADE-LBC,30,3.98052,1000000.0,False
20,4,S_LSHADE_DP,1,14.92438,1000000.0,False
20,4,S_LSHADE_DP,2,12.2208,1000000.0,False
20,4,S_LSHADE_DP,3,11.60898,1000000.0,False
20,4,S_LSHADE_DP,4,10.06602,1000000.0,False
20,4,S_LSHADE_DP,5,10.12466,1000000.0,False
20,4,S_LSHADE_DP,6,13.92942,1000000.0,False
20,4,S_LSHADE_DP,7,11.9395,1000000.0,False
20,4,S_LSHADE_DP,8,12.27783,1000000.0,False
20,4,S_LSHADE_DP,9,10.94455,1000000.0,False
20,4,S_LSHADE_DP,10,10.87142,1000000.0,False
20,4,S_LSHADE_DP,11,13.32354,1000000.0,False
20,4,S_LSHADE_DP,12,10.94455,1000000.0,False
20,4,S_LSHADE_DP,13,20.27067,1000000.0,False
20,4,S_LSHADE_DP,14,14.07073,1000000.0,False
20,4,S_LSHADE_DP,15,19.26651,1000000.0,False
20,4,S_LSHADE_DP,16,19.10568,1000000.0,False
20,4,S_LSHADE_DP,17,15.91933,1000000.0,False
20,4,S_LSHADE_DP,18,12.93446,1000000.0,False
20,4,S_LSHADE_DP,19,15.91933,1000000.0,False
20,4,S_LSHADE_DP,20,14.92438,1000000.0,False
20,4,S_LSHADE_DP,21,16.66461,1000000.0,False
20,4,S_LSHADE_DP,22,12.00574,1000000.0,False
20,4,S_LSHADE_DP,23,9.994494,1000000.0,False
20,4,S_LSHADE_DP,24,12.93447,1000000.0,False
20,4,S_LSHADE_DP,25,12.0513,1000000.0,False
20,4,S_LSHADE_DP,26,10.94455,1000000.0,False
20,4,S_LSHADE_DP,27,18.90421,1000000.0,False
20,4,S_LSHADE_DP,28,10.94454,1000000.0,False
20,4,S_LSHADE_DP,29,12.93446,1000000.0,False
20,4,S_LSHADE_DP,30,10.29801,1000000.0,False
20,4,NL-SHADE-RSP-MID,1,29.8487,1000000.0,False
20,4,NL-SHADE-RSP-MID,2,25.8689,1000000.0,False
20,4,NL-SHADE-RSP-MID,3,25.8689,1000000.0,False
20,4,NL-SHADE-RSP-MID,4,28.8538,1000000.0,False
20,4,NL-SHADE-RSP-MID,5,22.884,1000000.0,False
20,4,NL-SHADE-RSP-MID,6,15.9193,1000000.0,False
20,4,NL-SHADE-RSP-MID,7,34.8235,1000000.0,False
20,4,NL-SHADE-RSP-MID,8,25.8689,1000000.0,False
20,4,NL-SHADE-RSP-MID,9,31.8387,1000000.0,False
20,4,NL-SHADE-RSP-MID,10,22.884,1000000.0,False
20,4,NL-SHADE-RSP-MID,11,26.8639,1000000.0,False
20,4,NL-SHADE-RSP-MID,12,27.8588,1000000.0,False
20,4,NL-SHADE-RSP-MID,13,23.879,1000000.0,False
20,4,NL-SHADE-RSP-MID,14,32.8336,1000000.0,False
20,4,NL-SHADE-RSP-MID,15,36.8135,1000000.0,False
20,4,NL-SHADE-RSP-MID,16,25.8689,1000000.0,False
20,4,NL-SHADE-RSP-MID,17,17.9093,1000000.0,False
20,4,NL-SHADE-RSP-MID,18,20.8941,1000000.0,False
20,4,NL-SHADE-RSP-MID,19,18.9042,1000000.0,False
20,4,NL-SHADE-RSP-MID,20,27.8588,1000000.0,False
20,4,NL-SHADE-RSP-MID,21,57.7076,1000000.0,False
20,4,NL-SHADE-RSP-MID,22,32.8336,1000000.0,False
20,4,NL-SHADE-RSP-MID,23,33.8286,1000000.0,False
20,4,NL-SHADE-RSP-MID,24,32.8336,1000000.0,False
20,4,NL-SHADE-RSP-MID,25,26.8639,1000000.0,False
20,4,NL-SHADE-RSP-MID,26,20.8941,1000000.0,False
20,4,NL-SHADE-RSP-MID,27,33.8285,1000000.0,False
20,4,NL-SHADE-RSP-MID,28,28.8538,1000000.0,False
20,4,NL-SHADE-RSP-MID,29,24.874,1000000.0,False
20,4,NL-SHADE-RSP-MID,30,18.9042,1000000.0,False
20,4,Co-PPSO,1,15.91934,1000000.0,False
20,4,Co-PPSO,2,22.884043,1000000.0,False
20,4,Co-PPSO,3,19.899146,1000000.0,False
20,4,Co-PPSO,4,14.924381,1000000.0,False
20,4,Co-PPSO,5,22.884038,1000000.0,False
20,4,Co-PPSO,6,26.863854,1000000.0,False
20,4,Co-PPSO,7,20.894125,1000000.0,False
20,4,Co-PPSO,8,16.914294,1000000.0,False
20,4,Co-PPSO,9,13.929422,1000000.0,False
20,4,Co-PPSO,10,26.863854,1000000.0,False
20,4,Co-PPSO,11,15.919335,1000000.0,False
20,4,Co-PPSO,12,28.853747,1000000.0,False
20,4,Co-PPSO,13,14.924381,1000000.0,False
20,4,Co-PPSO,14,16.914299,1000000.0,False
20,4,Co-PPSO,15,16.914294,1000000.0,False
20,4,Co-PPSO,16,11.939509,1000000.0,False
20,4,Co-PPSO,17,17.909253,1000000.0,False
20,4,Co-PPSO,18,17.909253,1000000.0,False
20,4,Co-PPSO,19,21.889084,1000000.0,False
20,4,Co-PPSO,20,15.91934,1000000.0,False
20,4,Co-PPSO,21,5.9697543,1000000.0,False
20,4,Co-PPSO,22,13.929427,1000000.0,False
20,4,Co-PPSO,23,21.889084,1000000.0,False
20,4,Co-PPSO,24,24.87387,1000000.0,False
20,4,Co-PPSO,25,14.924376,1000000.0,False
20,4,Co-PPSO,26,14.924376,1000000.0,False
20,4,Co-PPSO,27,17.909253,1000000.0,False
20,4,Co-PPSO,28,33.828532,1000000.0,False
20,4,Co-PPSO,29,16.914294,1000000.0,False
20,4,Co-PPSO,30,30.84369,1000000.0,False
20,4,NLSOMACLP,1,18.904207,1000000.0,False
20,4,NLSOMACLP,2,19.899166,1000000.0,False
20,4,NLSOMACLP,3,22.8840432,1000000.0,False
20,4,NLSOMACLP,4,39.798246,1000000.0,False
20,4,NLSOMACLP,5,44.773087,1000000.0,False
20,4,NLSOMACLP,6,19.8991711,1000000.0,False
20,4,NLSOMACLP,7,26.8638744,1000000.0,False
20,4,NLSOMACLP,8,21.8890841,1000000.0,False
20,4,NLSOMACLP,9,13.9294167,1000000.0,False
20,4,NLSOMACLP,10,24.8739563,1000000.0,False
20,4,NLSOMACLP,11,29.8487415,1000000.0,False
20,4,NLSOMACLP,12,16.9142889,1000000.0,False
20,4,NLSOMACLP,13,40.7932659,1000000.0,False
20,4,NLSOMACLP,14,27.8588284,1000000.0,False
20,4,NLSOMACLP,15,44.7730718,1000000.0,False
20,4,NLSOMACLP,16,28.8537824,1000000.0,False
20,4,NLSOMACLP,17,28.8537673,1000000.0,False
20,4,NLSOMACLP,18,29.8487263,1000000.0,False
20,4,NLSOMACLP,19,47.757944,1000000.0,False
20,4,NLSOMACLP,20,27.8588133,1000000.0,False
20,4,NLSOMACLP,21,27.8588234,1000000.0,False
20,4,NLSOMACLP,22,42.7831131,1000000.0,False
20,4,NLSOMACLP,23,31.8385837,1000000.0,False
20,4,NLSOMACLP,24,20.8941251,1000000.0,False
20,4,NLSOMACLP,25,36.8459619,1000000.0,False
20,4,NLSOMACLP,26,29.8487263,1000000.0,False
20,4,NLSOMACLP,27,28.8537824,1000000.0,False
20,4,NLSOMACLP,28,40.7932457,1000000.0,False
20,4,NLSOMACLP,29,18.904207,1000000.0,False
20,4,NLSOMACLP,30,43.7781128,1000000.0,False
20,5,PDABC,1,1e-08,243944.0,True
20,5,PDABC,2,1e-08,200679.0,True
20,5,PDABC,3,1e-08,295883.0,True
20,5,PDABC,4,1e-08,226228.0,True
20,5,PDABC,5,1e-08,238076.0,True
20,5,PDABC,6,1e-08,234310.0,True
20,5,PDABC,7,1e-08,237809.0,True
20,5,PDABC,8,1e-08,208203.0,True
20,5,PDABC,9,1e-08,253218.0,True
20,5,PDABC,10,1e-08,220814.0,True
20,5,PDABC,11,1e-08,175728.0,True
20,5,PDABC,12,1e-08,256527.0,True
20,5,PDABC,13,1e-08,254848.0,True
20,5,PDABC,14,1e-08,250470.0,True
20,5,PDABC,15,1e-08,233153.0,True
20,5,PDABC,16,1e-08,279634.0,True
20,5,PDABC,17,1e-08,195576.0,True
20,5,PDABC,18,1e-08,197164.0,True
20,5,PDABC,19,1e-08,294588.0,True
20,5,PDABC,20,1e-08,218549.0,True
20,5,PDABC,21,1e-08,218827.0,True
20,5,PDABC,22,1e-08,215246.0,True
20,5,PDABC,23,1e-08,196870.0,True
20,5,PDABC,24,1e-08,227193.0,True
20,5,PDABC,25,1e-08,223335.0,True
20,5,PDABC,26,1e-08,253096.0,True
20,5,PDABC,27,1e-08,268050.0,True
20,5,PDABC,28,1e-08,219838.0,True
20,5,PDABC,29,1e-08,217060.0,True
20,5,PDABC,30,1e-08,225745.0,True
20,5,ABC,1,2.22162246,1000000.0,False
20,5,ABC,2,1.72210078,1000000.0,False
20,5,ABC,3,3.63918924,1000000.0,False
20,5,ABC,4,2.81730765,1000000.0,False
20,5,ABC,5,3.91047702,1000000.0,False
20,5,ABC,6,4.20536726,1000000.0,False
20,5,ABC,7,3.90874532,1000000.0,False
20,5,ABC,8,4.45787256,1000000.0,False
20,5,ABC,9,2.79671214,1000000.0,False
20,5,ABC,10,2.17952922,1000000.0,False
20,5,ABC,11,4.2833407,1000000.0,False
20,5,ABC,12,4.08444991,1000000.0,False
20,5,ABC,13,2.93892208,1000000.0,False
20,5,ABC,14,4.27558743,1000000.0,False
20,5,ABC,15,1.65651828,1000000.0,False
20,5,ABC,16,3.45401967,1000000.0,False
20,5,ABC,17,3.90989326,1000000.0,False
20,5,ABC,18,3.67126029,1000000.0,False
20,5,ABC,19,3.45530174,1000000.0,False
20,5,ABC,20,3.19119919,1000000.0,False
20,5,ABC,21,1.99937422,1000000.0,False
20,5,ABC,22,3.72718342,1000000.0,False
20,5,ABC,23,1.72534756,1000000.0,False
20,5,ABC,24,4.27839757,1000000.0,False
20,5,ABC,25,2.69575368,1000000.0,False
20,5,ABC,26,2.54307644,1000000.0,False
20,5,ABC,27,3.36921732,1000000.0,False
20,5,ABC,28,3.1532279,1000000.0,False
20,5,ABC,29,2.54094994,1000000.0,False
20,5,ABC,30,3.64963353,1000000.0,False
20,5,ZOCMAES,1,1e-06,1000000.0,False
20,5,ZOCMAES,2,0.0,48968.0,True
20,5,ZOCMAES,3,0.0,43803.0,True
20,5,ZOCMAES,4,0.0,37339.0,True
20,5,ZOCMAES,5,0.0,37706.0,True
20,5,ZOCMAES,6,0.0,69013.0,True
20,5,ZOCMAES,7,0.0,36289.0,True
20,5,ZOCMAES,8,0.0,36951.0,True
20,5,ZOCMAES,9,0.0,78117.0,True
20,5,ZOCMAES,10,0.0,67713.0,True
20,5,ZOCMAES,11,0.0,75792.0,True
20,5,ZOCMAES,12,0.0,38941.0,True
20,5,ZOCMAES,13,0.0,64367.0,True
20,5,ZOCMAES,14,0.0,82875.0,True
20,5,ZOCMAES,15,0.0,42806.0,True
20,5,ZOCMAES,16,0.0,39911.0,True
20,5,ZOCMAES,17,0.0,29408.0,True
20,5,ZOCMAES,18,0.0,41368.0,True
20,5,ZOCMAES,19,0.0,30323.0,True
20,5,ZOCMAES,20,0.089528,1000000.0,False
20,5,ZOCMAES,21,0.0,41298.0,True
20,5,ZOCMAES,22,0.0,57270.0,True
20,5,ZOCMAES,23,0.0,35487.0,True
20,5,ZOCMAES,24,0.0,41509.0,True
20,5,ZOCMAES,25,0.0,49485.0,True
20,5,ZOCMAES,26,0.0,68000.0,True
20,5,ZOCMAES,27,0.0,38743.0,True
20,5,ZOCMAES,28,0.0,52275.0,True
20,5,ZOCMAES,29,0.0,56347.0,True
20,5,ZOCMAES,30,0.0,45698.0,True
20,5,EA4eigN100_10,1,0.0,158490.0,True
20,5,EA4eigN100_10,2,0.0,158490.0,True
20,5,EA4eigN100_10,3,0.0,158490.0,True
20,5,EA4eigN100_10,4,0.0,158490.0,True
20,5,EA4eigN100_10,5,0.0,158490.0,True
20,5,EA4eigN100_10,6,0.0,158490.0,True
20,5,EA4eigN100_10,7,0.0,158490.0,True
20,5,EA4eigN100_10,8,0.0,158490.0,True
20,5,EA4eigN100_10,9,0.0,158490.0,True
20,5,EA4eigN100_10,10,0.0,158490.0,True
20,5,EA4eigN100_10,11,0.0,158490.0,True
20,5,EA4eigN100_10,12,0.0,158490.0,True
20,5,EA4eigN100_10,13,0.0,158490.0,True
20,5,EA4eigN100_10,14,0.0,158490.0,True
20,5,EA4eigN100_10,15,0.0,158490.0,True
20,5,EA4eigN100_10,16,0.0,158490.0,True
20,5,EA4eigN100_10,17,0.0,158490.0,True
20,5,EA4eigN100_10,18,0.0,158490.0,True
20,5,EA4eigN100_10,19,0.0,158490.0,True
20,5,EA4eigN100_10,20,0.0,158490.0,True
20,5,EA4eigN100_10,21,0.0,158490.0,True
20,5,EA4eigN100_10,22,0.0,158490.0,True
20,5,EA4eigN100_10,23,0.0,158490.0,True
20,5,EA4eigN100_10,24,0.0,158490.0,True
20,5,EA4eigN100_10,25,0.0,158490.0,True
20,5,EA4eigN100_10,26,0.0,158490.0,True
20,5,EA4eigN100_10,27,0.0,158490.0,True
20,5,EA4eigN100_10,28,0.0,158490.0,True
20,5,EA4eigN100_10,29,0.0,158490.0,True
20,5,EA4eigN100_10,30,0.0,158490.0,True
20,5,NL-SHADE-LBC,1,0.0,80604.0,True
20,5,NL-SHADE-LBC,2,0.0,79370.0,True
20,5,NL-SHADE-LBC,3,0.0,79917.0,True
20,5,NL-SHADE-LBC,4,0.0,79928.0,True
20,5,NL-SHADE-LBC,5,0.0,80137.0,True
20,5,NL-SHADE-LBC,6,0.0,80701.0,True
20,5,NL-SHADE-LBC,7,0.0,80003.0,True
20,5,NL-SHADE-LBC,8,0.0,79821.0,True
20,5,NL-SHADE-LBC,9,0.0,80129.0,True
20,5,NL-SHADE-LBC,10,0.0,78748.0,True
20,5,NL-SHADE-LBC,11,0.0,80477.0,True
20,5,NL-SHADE-LBC,12,0.0,80807.0,True
20,5,NL-SHADE-LBC,13,0.0,80298.0,True
20,5,NL-SHADE-LBC,14,0.0,77946.0,True
20,5,NL-SHADE-LBC,15,0.0,79836.0,True
20,5,NL-SHADE-LBC,16,0.0,80239.0,True
20,5,NL-SHADE-LBC,17,0.0,80664.0,True
20,5,NL-SHADE-LBC,18,0.0,79112.0,True
20,5,NL-SHADE-LBC,19,0.0,79051.0,True
20,5,NL-SHADE-LBC,20,0.0,77897.0,True
20,5,NL-SHADE-LBC,21,0.0,79220.0,True
20,5,NL-SHADE-LBC,22,0.0,79034.0,True
20,5,NL-SHADE-LBC,23,0.0,80548.0,True
20,5,NL-SHADE-LBC,24,0.0,81179.0,True
20,5,NL-SHADE-LBC,25,0.0,79062.0,True
20,5,NL-SHADE-LBC,26,0.0,80142.0,True
20,5,NL-SHADE-LBC,27,0.0,80864.0,True
20,5,NL-SHADE-LBC,28,0.0,80508.0,True
20,5,NL-SHADE-LBC,29,0.0,79850.0,True
20,5,NL-SHADE-LBC,30,0.0,78999.0,True
20,5,S_LSHADE_DP,1,0.0,539871.0,True
20,5,S_LSHADE_DP,2,0.0,542895.0,True
20,5,S_LSHADE_DP,3,0.0,540781.0,True
20,5,S_LSHADE_DP,4,0.0,540395.0,True
20,5,S_LSHADE_DP,5,0.0,538623.0,True
20,5,S_LSHADE_DP,6,0.0,543469.0,True
20,5,S_LSHADE_DP,7,0.0,541548.0,True
20,5,S_LSHADE_DP,8,0.0,538139.0,True
20,5,S_LSHADE_DP,9,0.0,544527.0,True
20,5,S_LSHADE_DP,10,0.0,541407.0,True
20,5,S_LSHADE_DP,11,0.0,543519.0,True
20,5,S_LSHADE_DP,12,0.0,541308.0,True
20,5,S_LSHADE_DP,13,0.0,544286.0,True
20,5,S_LSHADE_DP,14,0.0,540205.0,True
20,5,S_LSHADE_DP,15,0.0,545101.0,True
20,5,S_LSHADE_DP,16,0.0,540638.0,True
20,5,S_LSHADE_DP,17,0.0,540111.0,True
20,5,S_LSHADE_DP,18,0.0,540206.0,True
20,5,S_LSHADE_DP,19,0.0,542175.0,True
20,5,S_LSHADE_DP,20,0.0,539150.0,True
20,5,S_LSHADE_DP,21,0.0,539197.0,True
20,5,S_LSHADE_DP,22,0.0,540398.0,True
20,5,S_LSHADE_DP,23,0.0,542896.0,True
20,5,S_LSHADE_DP,24,0.08952825,1000000.0,False
20,5,S_LSHADE_DP,25,0.0,542415.0,True
20,5,S_LSHADE_DP,26,0.0,543279.0,True
20,5,S_LSHADE_DP,27,0.0,542462.0,True
20,5,S_LSHADE_DP,28,0.0,540688.0,True
20,5,S_LSHADE_DP,29,0.0,541647.0,True
20,5,S_LSHADE_DP,30,0.0,540829.0,True
20,5,NL-SHADE-RSP-MID,1,58.1566,1000000.0,False
20,5,NL-SHADE-RSP-MID,2,203.915,1000000.0,False
20,5,NL-SHADE-RSP-MID,3,95.1249,1000000.0,False
20,5,NL-SHADE-RSP-MID,4,282.409,1000000.0,False
20,5,NL-SHADE-RSP-MID,5,106.592,1000000.0,False
20,5,NL-SHADE-RSP-MID,6,261.401,1000000.0,False
20,5,NL-SHADE-RSP-MID,7,139.837,1000000.0,False
20,5,NL-SHADE-RSP-MID,8,67.3112,1000000.0,False
20,5,NL-SHADE-RSP-MID,9,178.529,1000000.0,False
20,5,NL-SHADE-RSP-MID,10,340.441,1000000.0,False
20,5,NL-SHADE-RSP-MID,11,103.869,1000000.0,False
20,5,NL-SHADE-RSP-MID,12,189.511,1000000.0,False
20,5,NL-SHADE-RSP-MID,13,109.139,1000000.0,False
20,5,NL-SHADE-RSP-MID,14,44.9073,1000000.0,False
20,5,NL-SHADE-RSP-MID,15,134.071,1000000.0,False
20,5,NL-SHADE-RSP-MID,16,14.8139,1000000.0,False
20,5,NL-SHADE-RSP-MID,17,237.155,1000000.0,False
20,5,NL-SHADE-RSP-MID,18,193.977,1000000.0,False
20,5,NL-SHADE-RSP-MID,19,115.979,1000000.0,False
20,5,NL-SHADE-RSP-MID,20,88.5689,1000000.0,False
20,5,NL-SHADE-RSP-MID,21,232.205,1000000.0,False
20,5,NL-SHADE-RSP-MID,22,171.343,1000000.0,False
20,5,NL-SHADE-RSP-MID,23,154.499,1000000.0,False
20,5,NL-SHADE-RSP-MID,24,150.862,1000000.0,False
20,5,NL-SHADE-RSP-MID,25,113.43,1000000.0,False
20,5,NL-SHADE-RSP-MID,26,205.367,1000000.0,False
20,5,NL-SHADE-RSP-MID,27,138.411,1000000.0,False
20,5,NL-SHADE-RSP-MID,28,81.7805,1000000.0,False
20,5,NL-SHADE-RSP-MID,29,40.3755,1000000.0,False
20,5,NL-SHADE-RSP-MID,30,163.582,1000000.0,False
20,5,Co-PPSO,1,0.45432402,1000000.0,False
20,5,Co-PPSO,2,0.54385227,1000000.0,False
20,5,Co-PPSO,3,0.08952825,1000000.0,False
20,5,Co-PPSO,4,0.45432402,1000000.0,False
20,5,Co-PPSO,5,0.0,251189.0,True
20,5,Co-PPSO,6,0.0,158490.0,True
20,5,Co-PPSO,7,0.08952825,1000000.0,False
20,5,Co-PPSO,8,0.45432402,1000000.0,False
20,5,Co-PPSO,9,0.54385227,1000000.0,False
20,5,Co-PPSO,10,0.0,158490.0,True
20,5,Co-PPSO,11,0.0,251189.0,True
20,5,Co-PPSO,12,3.9993456,1000000.0,False
20,5,Co-PPSO,13,0.08952825,1000000.0,False
20,5,Co-PPSO,14,1.3629721,1000000.0,False
20,5,Co-PPSO,15,0.0,251189.0,True
20,5,Co-PPSO,16,0.0,158490.0,True
20,5,Co-PPSO,17,2.2715989,1000000.0,False
20,5,Co-PPSO,18,0.0,251189.0,True
20,5,Co-PPSO,19,0.08952825,1000000.0,False
20,5,Co-PPSO,20,0.0,251189.0,True
20,5,Co-PPSO,21,0.63338052,1000000.0,False
20,5,Co-PPSO,22,0.45432402,1000000.0,False
20,5,Co-PPSO,23,0.0,158490.0,True
20,5,Co-PPSO,24,2.6363947,1000000.0,False
20,5,Co-PPSO,25,0.0,158490.0,True
20,5,Co-PPSO,26,0.99817629,1000000.0,False
20,5,Co-PPSO,27,0.45432402,1000000.0,False
20,5,Co-PPSO,28,0.45432402,1000000.0,False
20,5,Co-PPSO,29,0.0,251189.0,True
20,5,Co-PPSO,30,0.0,158490.0,True
20,5,NLSOMACLP,1,0.454324019,1000000.0,False
20,5,NLSOMACLP,2,0.0,389420.0,True
20,5,NLSOMACLP,3,0.0895282504,1000000.0,False
20,5,NLSOMACLP,4,0.0,406683.0,True
20,5,NLSOMACLP,5,0.0,381310.0,True
20,5,NLSOMACLP,6,0.0,405160.0,True
20,5,NLSOMACLP,7,0.0895282504,1000000.0,False
20,5,NLSOMACLP,8,0.0895282504,1000000.0,False
20,5,NLSOMACLP,9,0.0895282504,1000000.0,False
20,5,NLSOMACLP,10,0.0895282504,1000000.0,False
20,5,NLSOMACLP,11,0.0,540108.0,True
20,5,NLSOMACLP,12,0.0,387555.0,True
20,5,NLSOMACLP,13,0.0,387033.0,True
20,5,NLSOMACLP,14,0.0895282504,1000000.0,False
20,5,NLSOMACLP,15,0.0,385708.0,True
20,5,NLSOMACLP,16,0.0,394476.0,True
20,5,NLSOMACLP,17,0.0895282504,1000000.0,False
20,5,NLSOMACLP,18,0.0,333555.0,True
20,5,NLSOMACLP,19,0.0895282504,1000000.0,False
20,5,NLSOMACLP,20,0.0,346256.0,True
20,5,NLSOMACLP,21,0.0,634294.0,True
20,5,NLSOMACLP,22,0.0,380157.0,True
20,5,NLSOMACLP,23,0.0,385710.0,True
20,5,NLSOMACLP,24,0.0,373797.0,True
20,5,NLSOMACLP,25,0.0,381215.0,True
20,5,NLSOMACLP,26,0.0895282504,1000000.0,False
20,5,NLSOMACLP,27,0.0895282504,1000000.0,False
20,5,NLSOMACLP,28,0.0895282504,1000000.0,False
20,5,NLSOMACLP,29,0.0,397919.0,True
20,5,NLSOMACLP,30,0.454324019,1000000.0,False
20,6,PDABC,1,3071.0207775213976,1000000.0,False
20,6,PDABC,2,7799.985739685457,1000000.0,False
20,6,PDABC,3,1657.5593474919478,1000000.0,False
20,6,PDABC,4,9621.514697401459,1000000.0,False
20,6,PDABC,5,6353.241074406707,1000000.0,False
20,6,PDABC,6,3561.5307605846865,1000000.0,False
20,6,PDABC,7,3657.232282275858,1000000.0,False
20,6,PDABC,8,13375.645487356789,1000000.0,False
20,6,PDABC,9,12619.087292548546,1000000.0,False
20,6,PDABC,10,3717.3087033266047,1000000.0,False
20,6,PDABC,11,5257.897901894446,1000000.0,False
20,6,PDABC,12,6920.3987130387595,1000000.0,False
20,6,PDABC,13,1960.5957440739735,1000000.0,False
20,6,PDABC,14,3161.8499042216954,1000000.0,False
20,6,PDABC,15,782.2172541027267,1000000.0,False
20,6,PDABC,16,5504.759664082402,1000000.0,False
20,6,PDABC,17,5303.665048103301,1000000.0,False
20,6,PDABC,18,2747.371659765655,1000000.0,False
20,6,PDABC,19,9406.851291472427,1000000.0,False
20,6,PDABC,20,2773.3128015967122,1000000.0,False
20,6,PDABC,21,8562.026676450874,1000000.0,False
20,6,PDABC,22,7980.576157356267,1000000.0,False
20,6,PDABC,23,7722.375685531595,1000000.0,False
20,6,PDABC,24,7928.588329369857,1000000.0,False
20,6,PDABC,25,3226.0549854810906,1000000.0,False
20,6,PDABC,26,3958.4203264100706,1000000.0,False
20,6,PDABC,27,3197.4153262353047,1000000.0,False
20,6,PDABC,28,5699.263005199735,1000000.0,False
20,6,PDABC,29,2809.6355774165822,1000000.0,False
20,6,PDABC,30,5896.5688391881895,1000000.0,False
20,6,ABC,1,18163.1623,1000000.0,False
20,6,ABC,2,26175.0928,1000000.0,False
20,6,ABC,3,29549.3029,1000000.0,False
20,6,ABC,4,17562.5197,1000000.0,False
20,6,ABC,5,22953.5439,1000000.0,False
20,6,ABC,6,23103.0901,1000000.0,False
20,6,ABC,7,22277.194,1000000.0,False
20,6,ABC,8,20006.5377,1000000.0,False
20,6,ABC,9,21405.8668,1000000.0,False
20,6,ABC,10,19051.3164,1000000.0,False
20,6,ABC,11,25971.5271,1000000.0,False
20,6,ABC,12,21534.2639,1000000.0,False
20,6,ABC,13,26167.1858,1000000.0,False
20,6,ABC,14,25892.1472,1000000.0,False
20,6,ABC,15,25566.6033,1000000.0,False
20,6,ABC,16,22026.8419,1000000.0,False
20,6,ABC,17,24759.4629,1000000.0,False
20,6,ABC,18,19877.5917,1000000.0,False
20,6,ABC,19,24982.2524,1000000.0,False
20,6,ABC,20,24692.1631,1000000.0,False
20,6,ABC,21,22389.3736,1000000.0,False
20,6,ABC,22,17655.5641,1000000.0,False
20,6,ABC,23,25342.9917,1000000.0,False
20,6,ABC,24,15219.834,1000000.0,False
20,6,ABC,25,28269.5851,1000000.0,False
20,6,ABC,26,21957.4699,1000000.0,False
20,6,ABC,27,19863.1511,1000000.0,False
20,6,ABC,28,20277.1379,1000000.0,False
20,6,ABC,29,27071.8348,1000000.0,False
20,6,ABC,30,23893.0936,1000000.0,False
20,6,ZOCMAES,1,30.12554,1000000.0,False
20,6,ZOCMAES,2,39.076987,1000000.0,False
20,6,ZOCMAES,3,22.067118,1000000.0,False
20,6,ZOCMAES,4,54.083987,1000000.0,False
20,6,ZOCMAES,5,35.224455,1000000.0,False
20,6,ZOCMAES,6,33.002837,1000000.0,False
20,6,ZOCMAES,7,49.241771,1000000.0,False
20,6,ZOCMAES,8,55.00867,1000000.0,False
20,6,ZOCMAES,9,18.360961,1000000.0,False
20,6,ZOCMAES,10,30.459869,1000000.0,False
20,6,ZOCMAES,11,43.139826,1000000.0,False
20,6,ZOCMAES,12,42.262841,1000000.0,False
20,6,ZOCMAES,13,55.092846,1000000.0,False
20,6,ZOCMAES,14,39.161488,1000000.0,False
20,6,ZOCMAES,15,52.10392,1000000.0,False
20,6,ZOCMAES,16,33.104744,1000000.0,False
20,6,ZOCMAES,17,62.10621,1000000.0,False
20,6,ZOCMAES,18,39.14034,1000000.0,False
20,6,ZOCMAES,19,29.300591,1000000.0,False
20,6,ZOCMAES,20,43.097132,1000000.0,False
20,6,ZOCMAES,21,30.253581,1000000.0,False
20,6,ZOCMAES,22,50.946828,1000000.0,False
20,6,ZOCMAES,23,27.212243,1000000.0,False
20,6,ZOCMAES,24,34.107814,1000000.0,False
20,6,ZOCMAES,25,34.308073,1000000.0,False
20,6,ZOCMAES,26,53.907851,1000000.0,False
20,6,ZOCMAES,27,37.128846,1000000.0,False
20,6,ZOCMAES,28,34.240352,1000000.0,False
20,6,ZOCMAES,29,37.036778,1000000.0,False
20,6,ZOCMAES,30,102.665159,1000000.0,False
20,6,EA4eigN100_10,1,0.029190488,1000000.0,False
20,6,EA4eigN100_10,2,0.037817888,1000000.0,False
20,6,EA4eigN100_10,3,0.059678797,1000000.0,False
20,6,EA4eigN100_10,4,0.062916437,1000000.0,False
20,6,EA4eigN100_10,5,0.065576897,1000000.0,False
20,6,EA4eigN100_10,6,0.065993533,1000000.0,False
20,6,EA4eigN100_10,7,0.071373431,1000000.0,False
20,6,EA4eigN100_10,8,0.076748536,1000000.0,False
20,6,EA4eigN100_10,9,0.077417971,1000000.0,False
20,6,EA4eigN100_10,10,0.080342109,1000000.0,False
20,6,EA4eigN100_10,11,0.082011245,1000000.0,False
20,6,EA4eigN100_10,12,0.092118179,1000000.0,False
20,6,EA4eigN100_10,13,0.09870743,1000000.0,False
20,6,EA4eigN100_10,14,0.10046081,1000000.0,False
20,6,EA4eigN100_10,15,0.10294871,1000000.0,False
20,6,EA4eigN100_10,16,0.10811084,1000000.0,False
20,6,EA4eigN100_10,17,0.11219975,1000000.0,False
20,6,EA4eigN100_10,18,0.1196707,1000000.0,False
20,6,EA4eigN100_10,19,0.12505064,1000000.0,False
20,6,EA4eigN100_10,20,0.13735191,1000000.0,False
20,6,EA4eigN100_10,21,0.13832004,1000000.0,False
20,6,EA4eigN100_10,22,0.14555501,1000000.0,False
20,6,EA4eigN100_10,23,0.15507921,1000000.0,False
20,6,EA4eigN100_10,24,0.17047152,1000000.0,False
20,6,EA4eigN100_10,25,0.23612535,1000000.0,False
20,6,EA4eigN100_10,26,0.31512349,1000000.0,False
20,6,EA4eigN100_10,27,0.35653196,1000000.0,False
20,6,EA4eigN100_10,28,0.39673673,1000000.0,False
20,6,EA4eigN100_10,29,0.40691818,1000000.0,False
20,6,EA4eigN100_10,30,0.44208775,1000000.0,False
20,6,NL-SHADE-LBC,1,0.332731,1000000.0,False
20,6,NL-SHADE-LBC,2,0.256689,1000000.0,False
20,6,NL-SHADE-LBC,3,0.485476,1000000.0,False
20,6,NL-SHADE-LBC,4,0.634247,1000000.0,False
20,6,NL-SHADE-LBC,5,0.301013,1000000.0,False
20,6,NL-SHADE-LBC,6,0.249108,1000000.0,False
20,6,NL-SHADE-LBC,7,2.13965,1000000.0,False
20,6,NL-SHADE-LBC,8,0.449587,1000000.0,False
20,6,NL-SHADE-LBC,9,0.431615,1000000.0,False
20,6,NL-SHADE-LBC,10,0.499684,1000000.0,False
20,6,NL-SHADE-LBC,11,0.597574,1000000.0,False
20,6,NL-SHADE-LBC,12,2.47814,1000000.0,False
20,6,NL-SHADE-LBC,13,0.492899,1000000.0,False
20,6,NL-SHADE-LBC,14,0.397037,1000000.0,False
20,6,NL-SHADE-LBC,15,0.376932,1000000.0,False
20,6,NL-SHADE-LBC,16,0.0717763,1000000.0,False
20,6,NL-SHADE-LBC,17,0.0957476,1000000.0,False
20,6,NL-SHADE-LBC,18,0.467735,1000000.0,False
20,6,NL-SHADE-LBC,19,0.486627,1000000.0,False
20,6,NL-SHADE-LBC,20,0.485302,1000000.0,False
20,6,NL-SHADE-LBC,21,0.457154,1000000.0,False
20,6,NL-SHADE-LBC,22,0.240647,1000000.0,False
20,6,NL-SHADE-LBC,23,1.25702,1000000.0,False
20,6,NL-SHADE-LBC,24,0.460457,1000000.0,False
20,6,NL-SHADE-LBC,25,1.04455,1000000.0,False
20,6,NL-SHADE-LBC,26,0.498925,1000000.0,False
20,6,NL-SHADE-LBC,27,1.49487,1000000.0,False
20,6,NL-SHADE-LBC,28,1.32371,1000000.0,False
20,6,NL-SHADE-LBC,29,0.124391,1000000.0,False
20,6,NL-SHADE-LBC,30,0.449467,1000000.0,False
20,6,S_LSHADE_DP,1,1.218507,1000000.0,False
20,6,S_LSHADE_DP,2,0.3410089,1000000.0,False
20,6,S_LSHADE_DP,3,0.6947899,1000000.0,False
20,6,S_LSHADE_DP,4,2.381873,1000000.0,False
20,6,S_LSHADE_DP,5,1.324658,1000000.0,False
20,6,S_LSHADE_DP,6,1.897144,1000000.0,False
20,6,S_LSHADE_DP,7,1.337224,1000000.0,False
20,6,S_LSHADE_DP,8,4.18082,1000000.0,False
20,6,S_LSHADE_DP,9,4.485962,1000000.0,False
20,6,S_LSHADE_DP,10,3.915108,1000000.0,False
20,6,S_LSHADE_DP,11,1.351137,1000000.0,False
20,6,S_LSHADE_DP,12,1.122814,1000000.0,False
20,6,S_LSHADE_DP,13,0.222394,1000000.0,False
20,6,S_LSHADE_DP,14,0.3069512,1000000.0,False
20,6,S_LSHADE_DP,15,2.103524,1000000.0,False
20,6,S_LSHADE_DP,16,0.4765643,1000000.0,False
20,6,S_LSHADE_DP,17,9.502548,1000000.0,False
20,6,S_LSHADE_DP,18,2.187721,1000000.0,False
20,6,S_LSHADE_DP,19,1.878554,1000000.0,False
20,6,S_LSHADE_DP,20,2.344994,1000000.0,False
20,6,S_LSHADE_DP,21,2.150462,1000000.0,False
20,6,S_LSHADE_DP,22,0.1881289,1000000.0,False
20,6,S_LSHADE_DP,23,1.365169,1000000.0,False
20,6,S_LSHADE_DP,24,0.2145412,1000000.0,False
20,6,S_LSHADE_DP,25,3.029743,1000000.0,False
20,6,S_LSHADE_DP,26,0.314144,1000000.0,False
20,6,S_LSHADE_DP,27,12.75237,1000000.0,False
20,6,S_LSHADE_DP,28,0.350148,1000000.0,False
20,6,S_LSHADE_DP,29,0.2166479,1000000.0,False
20,6,S_LSHADE_DP,30,0.233112,1000000.0,False
20,6,NL-SHADE-RSP-MID,1,15.8644,1000000.0,False
20,6,NL-SHADE-RSP-MID,2,1.22609,1000000.0,False
20,6,NL-SHADE-RSP-MID,3,5.17625,1000000.0,False
20,6,NL-SHADE-RSP-MID,4,5.62854,1000000.0,False
20,6,NL-SHADE-RSP-MID,5,8.63191,1000000.0,False
20,6,NL-SHADE-RSP-MID,6,4.39441,1000000.0,False
20,6,NL-SHADE-RSP-MID,7,4.44927,1000000.0,False
20,6,NL-SHADE-RSP-MID,8,2.66306,1000000.0,False
20,6,NL-SHADE-RSP-MID,9,21.7627,1000000.0,False
20,6,NL-SHADE-RSP-MID,10,7.28458,1000000.0,False
20,6,NL-SHADE-RSP-MID,11,4.30489,1000000.0,False
20,6,NL-SHADE-RSP-MID,12,10.7187,1000000.0,False
20,6,NL-SHADE-RSP-MID,13,2.13022,1000000.0,False
20,6,NL-SHADE-RSP-MID,14,14.3253,1000000.0,False
20,6,NL-SHADE-RSP-MID,15,8.2808,1000000.0,False
20,6,NL-SHADE-RSP-MID,16,3.72376,1000000.0,False
20,6,NL-SHADE-RSP-MID,17,1.87417,1000000.0,False
20,6,NL-SHADE-RSP-MID,18,1.3467,1000000.0,False
20,6,NL-SHADE-RSP-MID,19,3.23632,1000000.0,False
20,6,NL-SHADE-RSP-MID,20,4.03227,1000000.0,False
20,6,NL-SHADE-RSP-MID,21,7.01511,1000000.0,False
20,6,NL-SHADE-RSP-MID,22,18.5445,1000000.0,False
20,6,NL-SHADE-RSP-MID,23,2.76117,1000000.0,False
20,6,NL-SHADE-RSP-MID,24,7.39444,1000000.0,False
20,6,NL-SHADE-RSP-MID,25,0.381039,1000000.0,False
20,6,NL-SHADE-RSP-MID,26,1.34988,1000000.0,False
20,6,NL-SHADE-RSP-MID,27,1.52837,1000000.0,False
20,6,NL-SHADE-RSP-MID,28,10.3308,1000000.0,False
20,6,NL-SHADE-RSP-MID,29,8.36661,1000000.0,False
20,6,NL-SHADE-RSP-MID,30,1.69046,1000000.0,False
20,6,Co-PPSO,1,13457.112,1000000.0,False
20,6,Co-PPSO,2,44.147863,1000000.0,False
20,6,Co-PPSO,3,1548.1633,1000000.0,False
20,6,Co-PPSO,4,4467.8948,1000000.0,False
20,6,Co-PPSO,5,10602.348,1000000.0,False
20,6,Co-PPSO,6,1587.09,1000000.0,False
20,6,Co-PPSO,7,14817.359,1000000.0,False
20,6,Co-PPSO,8,3005.1729,1000000.0,False
20,6,Co-PPSO,9,3193.162,1000000.0,False
20,6,Co-PPSO,10,439.42348,1000000.0,False
20,6,Co-PPSO,11,2543.6187,1000000.0,False
20,6,Co-PPSO,12,8832.6128,1000000.0,False
20,6,Co-PPSO,13,3820.1779,1000000.0,False
20,6,Co-PPSO,14,6643.5356,1000000.0,False
20,6,Co-PPSO,15,1009.9213,1000000.0,False
20,6,Co-PPSO,16,2782.6002,1000000.0,False
20,6,Co-PPSO,17,707.26062,1000000.0,False
20,6,Co-PPSO,18,430.69383,1000000.0,False
20,6,Co-PPSO,19,4009.1781,1000000.0,False
20,6,Co-PPSO,20,11910.954,1000000.0,False
20,6,Co-PPSO,21,307.97267,1000000.0,False
20,6,Co-PPSO,22,6003.7045,1000000.0,False
20,6,Co-PPSO,23,21752.708,1000000.0,False
20,6,Co-PPSO,24,17793.276,1000000.0,False
20,6,Co-PPSO,25,535.98649,1000000.0,False
20,6,Co-PPSO,26,4729.9695,1000000.0,False
20,6,Co-PPSO,27,652.77429,1000000.0,False
20,6,Co-PPSO,28,5598.8016,1000000.0,False
20,6,Co-PPSO,29,7867.8582,1000000.0,False
20,6,Co-PPSO,30,6579.4272,1000000.0,False
20,6,NLSOMACLP,1,25.6615921,1000000.0,False
20,6,NLSOMACLP,2,51.2978647,1000000.0,False
20,6,NLSOMACLP,3,13.1000384,1000000.0,False
20,6,NLSOMACLP,4,23.4871348,1000000.0,False
20,6,NLSOMACLP,5,51.0266196,1000000.0,False
20,6,NLSOMACLP,6,42.6785838,1000000.0,False
20,6,NLSOMACLP,7,34.3781213,1000000.0,False
20,6,NLSOMACLP,8,10.8307794,1000000.0,False
20,6,NLSOMACLP,9,32.9807378,1000000.0,False
20,6,NLSOMACLP,10,58.4038476,1000000.0,False
20,6,NLSOMACLP,11,55.0206344,1000000.0,False
20,6,NLSOMACLP,12,56.6205108,1000000.0,False
20,6,NLSOMACLP,13,21.7654914,1000000.0,False
20,6,NLSOMACLP,14,39.0045711,1000000.0,False
20,6,NLSOMACLP,15,47.5123529,1000000.0,False
20,6,NLSOMACLP,16,27.0163289,1000000.0,False
20,6,NLSOMACLP,17,30.7297148,1000000.0,False
20,6,NLSOMACLP,18,58.173902,1000000.0,False
20,6,NLSOMACLP,19,18.885949,1000000.0,False
20,6,NLSOMACLP,20,73.5570766,1000000.0,False
20,6,NLSOMACLP,21,67.0933009,1000000.0,False
20,6,NLSOMACLP,22,99.5440478,1000000.0,False
20,6,NLSOMACLP,23,55.4472743,1000000.0,False
20,6,NLSOMACLP,24,55.437319,1000000.0,False
20,6,NLSOMACLP,25,22.0451886,1000000.0,False
20,6,NLSOMACLP,26,29.7319538,1000000.0,False
20,6,NLSOMACLP,27,6.3913355,1000000.0,False
20,6,NLSOMACLP,28,38.7238691,1000000.0,False
20,6,NLSOMACLP,29,57.1427056,1000000.0,False
20,6,NLSOMACLP,30,26.2558203,1000000.0,False
20,7,PDABC,1,1e-08,6495.0,True
20,7,PDABC,2,1e-08,9750.0,True
20,7,PDABC,3,1e-08,8601.0,True
20,7,PDABC,4,1e-08,1812.0,True
20,7,PDABC,5,1e-08,6612.0,True
20,7,PDABC,6,1e-08,6190.0,True
20,7,PDABC,7,1e-08,3029.0,True
20,7,PDABC,8,1e-08,12190.0,True
20,7,PDABC,9,1e-08,2910.0,True
20,7,PDABC,10,1e-08,5353.0,True
20,7,PDABC,11,1e-08,4886.0,True
20,7,PDABC,12,1e-08,10985.0,True
20,7,PDABC,13,1e-08,4937.0,True
20,7,PDABC,14,1e-08,6062.0,True
20,7,PDABC,15,1e-08,6671.0,True
20,7,PDABC,16,1e-08,6854.0,True
20,7,PDABC,17,1e-08,6492.0,True
20,7,PDABC,18,1e-08,5779.0,True
20,7,PDABC,19,1e-08,3190.0,True
20,7,PDABC,20,1e-08,16273.0,True
20,7,PDABC,21,1e-08,3916.0,True
20,7,PDABC,22,1e-08,13394.0,True
20,7,PDABC,23,1e-08,4518.0,True
20,7,PDABC,24,1e-08,7768.0,True
20,7,PDABC,25,1e-08,3795.0,True
20,7,PDABC,26,1e-08,2239.0,True
20,7,PDABC,27,1e-08,6436.0,True
20,7,PDABC,28,1e-08,4639.0,True
20,7,PDABC,29,1e-08,11951.0,True
20,7,PDABC,30,1e-08,9504.0,True
20,7,ABC,1,1e-08,7456.0,True
20,7,ABC,2,1e-08,1547.0,True
20,7,ABC,3,1e-08,9319.0,True
20,7,ABC,4,1e-08,11121.0,True
20,7,ABC,5,1e-08,4579.0,True
20,7,ABC,6,1e-08,3792.0,True
20,7,ABC,7,1e-08,4748.0,True
20,7,ABC,8,1e-08,8362.0,True
20,7,ABC,9,1e-08,3089.0,True
20,7,ABC,10,1e-08,1741.0,True
20,7,ABC,11,1e-08,1827.0,True
20,7,ABC,12,1e-08,4945.0,True
20,7,ABC,13,1e-08,3909.0,True
20,7,ABC,14,1e-08,4241.0,True
20,7,ABC,15,1e-08,6081.0,True
20,7,ABC,16,1e-08,8236.0,True
20,7,ABC,17,1e-08,5647.0,True
20,7,ABC,18,1e-08,9626.0,True
20,7,ABC,19,1e-08,3611.0,True
20,7,ABC,20,1e-08,2768.0,True
20,7,ABC,21,1e-08,2359.0,True
20,7,ABC,22,1e-08,3901.0,True
20,7,ABC,23,1e-08,7806.0,True
20,7,ABC,24,1e-08,8066.0,True
20,7,ABC,25,1e-08,4505.0,True
20,7,ABC,26,1e-08,1635.0,True
20,7,ABC,27,1e-08,5742.0,True
20,7,ABC,28,1e-08,9306.0,True
20,7,ABC,29,1e-08,6489.0,True
20,7,ABC,30,1e-08,11785.0,True
20,7,ZOCMAES,1,38.020813,1000000.0,False
20,7,ZOCMAES,2,140.882874,1000000.0,False
20,7,ZOCMAES,3,53.983638,1000000.0,False
20,7,ZOCMAES,4,42.883978,1000000.0,False
20,7,ZOCMAES,5,169.725854,1000000.0,False
20,7,ZOCMAES,6,61.364416,1000000.0,False
20,7,ZOCMAES,7,60.983402,1000000.0,False
20,7,ZOCMAES,8,108.180137,1000000.0,False
20,7,ZOCMAES,9,119.427842,1000000.0,False
20,7,ZOCMAES,10,55.471934,1000000.0,False
20,7,ZOCMAES,11,114.017459,1000000.0,False
20,7,ZOCMAES,12,102.993103,1000000.0,False
20,7,ZOCMAES,13,94.753142,1000000.0,False
20,7,ZOCMAES,14,101.323558,1000000.0,False
20,7,ZOCMAES,15,119.223716,1000000.0,False
20,7,ZOCMAES,16,104.383009,1000000.0,False
20,7,ZOCMAES,17,147.980978,1000000.0,False
20,7,ZOCMAES,18,142.749945,1000000.0,False
20,7,ZOCMAES,19,45.49821,1000000.0,False
20,7,ZOCMAES,20,101.917297,1000000.0,False
20,7,ZOCMAES,21,125.866483,1000000.0,False
20,7,ZOCMAES,22,125.243604,1000000.0,False
20,7,ZOCMAES,23,73.646858,1000000.0,False
20,7,ZOCMAES,24,96.977279,1000000.0,False
20,7,ZOCMAES,25,112.654902,1000000.0,False
20,7,ZOCMAES,26,96.627347,1000000.0,False
20,7,ZOCMAES,27,42.775721,1000000.0,False
20,7,ZOCMAES,28,32.25164,1000000.0,False
20,7,ZOCMAES,29,167.188777,1000000.0,False
20,7,ZOCMAES,30,59.941145,1000000.0,False
20,7,EA4eigN100_10,1,0.0,1000000.0,True
20,7,EA4eigN100_10,2,0.31217326,1000000.0,False
20,7,EA4eigN100_10,3,0.31217326,1000000.0,False
20,7,EA4eigN100_10,4,0.31218681,1000000.0,False
20,7,EA4eigN100_10,5,0.62434651,1000000.0,False
20,7,EA4eigN100_10,6,0.62434651,1000000.0,False
20,7,EA4eigN100_10,7,0.99495906,1000000.0,False
20,7,EA4eigN100_10,8,1.3071323,1000000.0,False
20,7,EA4eigN100_10,9,1.3071323,1000000.0,False
20,7,EA4eigN100_10,10,1.3071323,1000000.0,False
20,7,EA4eigN100_10,11,1.6193056,1000000.0,False
20,7,EA4eigN100_10,12,1.9899181,1000000.0,False
20,7,EA4eigN100_10,13,1.9899181,1000000.0,False
20,7,EA4eigN100_10,14,2.04187,1000000.0,False
20,7,EA4eigN100_10,15,2.3020914,1000000.0,False
20,7,EA4eigN100_10,16,2.3020914,1000000.0,False
20,7,EA4eigN100_10,17,2.3020914,1000000.0,False
20,7,EA4eigN100_10,18,2.3021049,1000000.0,False
20,7,EA4eigN100_10,19,2.6142646,1000000.0,False
20,7,EA4eigN100_10,20,3.2970504,1000000.0,False
20,7,EA4eigN100_10,21,3.2970504,1000000.0,False
20,7,EA4eigN100_10,22,3.2970504,1000000.0,False
20,7,EA4eigN100_10,23,3.2970504,1000000.0,False
20,7,EA4eigN100_10,24,3.6092237,1000000.0,False
20,7,EA4eigN100_10,25,4.2920044,1000000.0,False
20,7,EA4eigN100_10,26,4.6041827,1000000.0,False
20,7,EA4eigN100_10,27,6.2819226,1000000.0,False
20,7,EA4eigN100_10,28,6.5940958,1000000.0,False
20,7,EA4eigN100_10,29,19.994312,1000000.0,False
20,7,EA4eigN100_10,30,19.999996,1000000.0,False
20,7,NL-SHADE-LBC,1,0.349541,1000000.0,False
20,7,NL-SHADE-LBC,2,1.1012,1000000.0,False
20,7,NL-SHADE-LBC,3,0.378593,1000000.0,False
20,7,NL-SHADE-LBC,4,0.0126729,1000000.0,False
20,7,NL-SHADE-LBC,5,1.82862,1000000.0,False
20,7,NL-SHADE-LBC,6,0.998949,1000000.0,False
20,7,NL-SHADE-LBC,7,0.625273,1000000.0,False
20,7,NL-SHADE-LBC,8,0.341276,1000000.0,False
20,7,NL-SHADE-LBC,9,0.0398231,1000000.0,False
20,7,NL-SHADE-LBC,10,0.495333,1000000.0,False
20,7,NL-SHADE-LBC,11,20.0858,1000000.0,False
20,7,NL-SHADE-LBC,12,0.406095,1000000.0,False
20,7,NL-SHADE-LBC,13,1.7222,1000000.0,False
20,7,NL-SHADE-LBC,14,19.4477,1000000.0,False
20,7,NL-SHADE-LBC,15,0.314213,1000000.0,False
20,7,NL-SHADE-LBC,16,0.353616,1000000.0,False
20,7,NL-SHADE-LBC,17,1.30789,1000000.0,False
20,7,NL-SHADE-LBC,18,0.312187,1000000.0,False
20,7,NL-SHADE-LBC,19,1.36037,1000000.0,False
20,7,NL-SHADE-LBC,20,19.6261,1000000.0,False
20,7,NL-SHADE-LBC,21,0.99728,1000000.0,False
20,7,NL-SHADE-LBC,22,0.995125,1000000.0,False
20,7,NL-SHADE-LBC,23,0.332522,1000000.0,False
20,7,NL-SHADE-LBC,24,0.326036,1000000.0,False
20,7,NL-SHADE-LBC,25,1.33917,1000000.0,False
20,7,NL-SHADE-LBC,26,0.320883,1000000.0,False
20,7,NL-SHADE-LBC,27,0.354052,1000000.0,False
20,7,NL-SHADE-LBC,28,0.00118079,1000000.0,False
20,7,NL-SHADE-LBC,29,0.0740674,1000000.0,False
20,7,NL-SHADE-LBC,30,1.49105,1000000.0,False
20,7,S_LSHADE_DP,1,11.4513,1000000.0,False
20,7,S_LSHADE_DP,2,19.54828,1000000.0,False
20,7,S_LSHADE_DP,3,4.604251,1000000.0,False
20,7,S_LSHADE_DP,4,5.878747,1000000.0,False
20,7,S_LSHADE_DP,5,20.0,1000000.0,False
20,7,S_LSHADE_DP,6,20.0,1000000.0,False
20,7,S_LSHADE_DP,7,17.17985,1000000.0,False
20,7,S_LSHADE_DP,8,21.30713,1000000.0,False
20,7,S_LSHADE_DP,9,20.62433,1000000.0,False
20,7,S_LSHADE_DP,10,3.609224,1000000.0,False
20,7,S_LSHADE_DP,11,0.9949591,1000000.0,False
20,7,S_LSHADE_DP,12,20.62427,1000000.0,False
20,7,S_LSHADE_DP,13,0.9949592,1000000.0,False
20,7,S_LSHADE_DP,14,20.31213,1000000.0,False
20,7,S_LSHADE_DP,15,1.989918,1000000.0,False
20,7,S_LSHADE_DP,16,19.99994,1000000.0,False
20,7,S_LSHADE_DP,17,20.0,1000000.0,False
20,7,S_LSHADE_DP,18,20.31217,1000000.0,False
20,7,S_LSHADE_DP,19,20.00007,1000000.0,False
20,7,S_LSHADE_DP,20,21.30589,1000000.0,False
20,7,S_LSHADE_DP,21,12.37293,1000000.0,False
20,7,S_LSHADE_DP,22,1.307132,1000000.0,False
20,7,S_LSHADE_DP,23,3.609343,1000000.0,False
20,7,S_LSHADE_DP,24,21.30492,1000000.0,False
20,7,S_LSHADE_DP,25,20.31217,1000000.0,False
20,7,S_LSHADE_DP,26,20.91291,1000000.0,False
20,7,S_LSHADE_DP,27,2.302091,1000000.0,False
20,7,S_LSHADE_DP,28,0.0001195784,1000000.0,False
20,7,S_LSHADE_DP,29,0.0,780258.0,True
20,7,S_LSHADE_DP,30,20.31224,1000000.0,False
20,7,NL-SHADE-RSP-MID,1,20.0004,1000000.0,False
20,7,NL-SHADE-RSP-MID,2,20.9957,1000000.0,False
20,7,NL-SHADE-RSP-MID,3,2.32417,1000000.0,False
20,7,NL-SHADE-RSP-MID,4,21.0253,1000000.0,False
20,7,NL-SHADE-RSP-MID,5,1.46133,1000000.0,False
20,7,NL-SHADE-RSP-MID,6,9.09962,1000000.0,False
20,7,NL-SHADE-RSP-MID,7,17.2297,1000000.0,False
20,7,NL-SHADE-RSP-MID,8,4.17065,1000000.0,False
20,7,NL-SHADE-RSP-MID,9,1.62158,1000000.0,False
20,7,NL-SHADE-RSP-MID,10,2.5087,1000000.0,False
20,7,NL-SHADE-RSP-MID,11,0.995079,1000000.0,False
20,7,NL-SHADE-RSP-MID,12,21.3076,1000000.0,False
20,7,NL-SHADE-RSP-MID,13,5.14172,1000000.0,False
20,7,NL-SHADE-RSP-MID,14,20.9669,1000000.0,False
20,7,NL-SHADE-RSP-MID,15,21.5831,1000000.0,False
20,7,NL-SHADE-RSP-MID,16,22.0059,1000000.0,False
20,7,NL-SHADE-RSP-MID,17,5.20989,1000000.0,False
20,7,NL-SHADE-RSP-MID,18,21.3334,1000000.0,False
20,7,NL-SHADE-RSP-MID,19,21.0043,1000000.0,False
20,7,NL-SHADE-RSP-MID,20,22.3146,1000000.0,False
20,7,NL-SHADE-RSP-MID,21,3.17524,1000000.0,False
20,7,NL-SHADE-RSP-MID,22,20.3476,1000000.0,False
20,7,NL-SHADE-RSP-MID,23,3.81291,1000000.0,False
20,7,NL-SHADE-RSP-MID,24,21.3194,1000000.0,False
20,7,NL-SHADE-RSP-MID,25,2.98942,1000000.0,False
20,7,NL-SHADE-RSP-MID,26,2.396,1000000.0,False
20,7,NL-SHADE-RSP-MID,27,21.2955,1000000.0,False
20,7,NL-SHADE-RSP-MID,28,1.3875,1000000.0,False
20,7,NL-SHADE-RSP-MID,29,4.4735,1000000.0,False
20,7,NL-SHADE-RSP-MID,30,5.21796,1000000.0,False
20,7,Co-PPSO,1,37.538749,1000000.0,False
20,7,Co-PPSO,2,34.241633,1000000.0,False
20,7,Co-PPSO,3,48.815521,1000000.0,False
20,7,Co-PPSO,4,25.929395,1000000.0,False
20,7,Co-PPSO,5,35.584407,1000000.0,False
20,7,Co-PPSO,6,38.444263,1000000.0,False
20,7,Co-PPSO,7,23.297267,1000000.0,False
20,7,Co-PPSO,8,28.092879,1000000.0,False
20,7,Co-PPSO,9,43.116707,1000000.0,False
20,7,Co-PPSO,10,27.716471,1000000.0,False
20,7,Co-PPSO,11,25.97093,1000000.0,False
20,7,Co-PPSO,12,26.753858,1000000.0,False
20,7,Co-PPSO,13,26.538484,1000000.0,False
20,7,Co-PPSO,14,30.884721,1000000.0,False
20,7,Co-PPSO,15,22.302871,1000000.0,False
20,7,Co-PPSO,16,46.181132,1000000.0,False
20,7,Co-PPSO,17,33.510385,1000000.0,False
20,7,Co-PPSO,18,22.115557,1000000.0,False
20,7,Co-PPSO,19,26.592118,1000000.0,False
20,7,Co-PPSO,20,24.961924,1000000.0,False
20,7,Co-PPSO,21,26.283038,1000000.0,False
20,7,Co-PPSO,22,25.4785,1000000.0,False
20,7,Co-PPSO,23,29.579008,1000000.0,False
20,7,Co-PPSO,24,33.540882,1000000.0,False
20,7,Co-PPSO,25,23.609337,1000000.0,False
20,7,Co-PPSO,26,25.547027,1000000.0,False
20,7,Co-PPSO,27,22.793192,1000000.0,False
20,7,Co-PPSO,28,22.614384,1000000.0,False
20,7,Co-PPSO,29,20.311635,1000000.0,False
20,7,Co-PPSO,30,30.773399,1000000.0,False
20,7,NLSOMACLP,1,21.0057462,1000000.0,False
20,7,NLSOMACLP,2,21.6378734,1000000.0,False
20,7,NLSOMACLP,3,4.4794378,1000000.0,False
20,7,NLSOMACLP,4,1.30736451,1000000.0,False
20,7,NLSOMACLP,5,4.57343873,1000000.0,False
20,7,NLSOMACLP,6,0.995152848,1000000.0,False
20,7,NLSOMACLP,7,6.50803343e-05,1000000.0,False
20,7,NLSOMACLP,8,3.85147356,1000000.0,False
20,7,NLSOMACLP,9,3.89197538,1000000.0,False
20,7,NLSOMACLP,10,1.18667283,1000000.0,False
20,7,NLSOMACLP,11,3.5361829,1000000.0,False
20,7,NLSOMACLP,12,4.6251508,1000000.0,False
20,7,NLSOMACLP,13,20.0513544,1000000.0,False
20,7,NLSOMACLP,14,4.7272312,1000000.0,False
20,7,NLSOMACLP,15,20.4574875,1000000.0,False
20,7,NLSOMACLP,16,6.82042179,1000000.0,False
20,7,NLSOMACLP,17,8.08988281,1000000.0,False
20,7,NLSOMACLP,18,3.90622528,1000000.0,False
20,7,NLSOMACLP,19,2.03055678,1000000.0,False
20,7,NLSOMACLP,20,13.5850296,1000000.0,False
20,7,NLSOMACLP,21,1.03128581,1000000.0,False
20,7,NLSOMACLP,22,20.314966,1000000.0,False
20,7,NLSOMACLP,23,21.0891647,1000000.0,False
20,7,NLSOMACLP,24,21.0587649,1000000.0,False
20,7,NLSOMACLP,25,0.319235178,1000000.0,False
20,7,NLSOMACLP,26,3.33622036,1000000.0,False
20,7,NLSOMACLP,27,2.66968812,1000000.0,False
20,7,NLSOMACLP,28,21.3802796,1000000.0,False
20,7,NLSOMACLP,29,4.39887759,1000000.0,False
20,7,NLSOMACLP,30,2.00197651,1000000.0,False
20,8,PDABC,1,1e-08,31456.0,True
20,8,PDABC,2,1e-08,53258.0,True
20,8,PDABC,3,1e-08,144208.0,True
20,8,PDABC,4,1e-08,188102.0,True
20,8,PDABC,5,1e-08,196561.0,True
20,8,PDABC,6,1e-08,492045.0,True
20,8,PDABC,7,1e-08,110699.0,True
20,8,PDABC,8,1e-08,157241.0,True
20,8,PDABC,9,1e-08,52709.0,True
20,8,PDABC,10,1e-08,102053.0,True
20,8,PDABC,11,1e-08,128292.0,True
20,8,PDABC,12,1e-08,104512.0,True
20,8,PDABC,13,1e-08,137775.0,True
20,8,PDABC,14,1e-08,177406.0,True
20,8,PDABC,15,1e-08,120549.0,True
20,8,PDABC,16,1e-08,109037.0,True
20,8,PDABC,17,1e-08,194715.0,True
20,8,PDABC,18,1e-08,122415.0,True
20,8,PDABC,19,1e-08,209028.0,True
20,8,PDABC,20,1e-08,123798.0,True
20,8,PDABC,21,1e-08,146720.0,True
20,8,PDABC,22,1e-08,48871.0,True
20,8,PDABC,23,22.701299951454985,1000000.0,False
20,8,PDABC,24,1e-08,252373.0,True
20,8,PDABC,25,22.13210218480708,1000000.0,False
20,8,PDABC,26,1e-08,155801.0,True
20,8,PDABC,27,1e-08,169654.0,True
20,8,PDABC,28,1e-08,26255.0,True
20,8,PDABC,29,1e-08,412532.0,True
20,8,PDABC,30,1e-08,217155.0,True
20,8,ABC,1,1e-08,370083.0,True
20,8,ABC,2,1e-08,34047.0,True
20,8,ABC,3,1e-08,35953.0,True
20,8,ABC,4,1e-08,20184.0,True
20,8,ABC,5,34.4842515,1000000.0,False
20,8,ABC,6,1e-08,122559.0,True
20,8,ABC,7,1e-08,20776.0,True
20,8,ABC,8,1e-08,406310.0,True
20,8,ABC,9,1e-08,224242.0,True
20,8,ABC,10,1e-08,29343.0,True
20,8,ABC,11,0.402576751,1000000.0,False
20,8,ABC,12,1e-08,71112.0,True
20,8,ABC,13,1e-08,236085.0,True
20,8,ABC,14,1e-08,195635.0,True
20,8,ABC,15,55.4868487,1000000.0,False
20,8,ABC,16,1e-08,734970.0,True
20,8,ABC,17,1e-08,60262.0,True
20,8,ABC,18,1e-08,92476.0,True
20,8,ABC,19,1e-08,302636.0,True
20,8,ABC,20,1e-08,250800.0,True
20,8,ABC,21,1e-08,29120.0,True
20,8,ABC,22,1e-08,146973.0,True
20,8,ABC,23,1e-08,604147.0,True
20,8,ABC,24,1e-08,276331.0,True
20,8,ABC,25,1e-08,113658.0,True
20,8,ABC,26,1e-08,356048.0,True
20,8,ABC,27,24.7970414,1000000.0,False
20,8,ABC,28,27.376736,1000000.0,False
20,8,ABC,29,1e-08,20607.0,True
20,8,ABC,30,1e-08,389994.0,True
20,8,ZOCMAES,1,39.797586,1000000.0,False
20,8,ZOCMAES,2,139.438742,1000000.0,False
20,8,ZOCMAES,3,22.211106,1000000.0,False
20,8,ZOCMAES,4,20.512564,1000000.0,False
20,8,ZOCMAES,5,23.388034,1000000.0,False
20,8,ZOCMAES,6,39.760134,1000000.0,False
20,8,ZOCMAES,7,22.370682,1000000.0,False
20,8,ZOCMAES,8,22.856665,1000000.0,False
20,8,ZOCMAES,9,78.641336,1000000.0,False
20,8,ZOCMAES,10,21.371453,1000000.0,False
20,8,ZOCMAES,11,257.731099,1000000.0,False
20,8,ZOCMAES,12,21.13519,1000000.0,False
20,8,ZOCMAES,13,43.026659,1000000.0,False
20,8,ZOCMAES,14,24.547674,1000000.0,False
20,8,ZOCMAES,15,23.473072,1000000.0,False
20,8,ZOCMAES,16,22.138818,1000000.0,False
20,8,ZOCMAES,17,156.62178,1000000.0,False
20,8,ZOCMAES,18,21.377434,1000000.0,False
20,8,ZOCMAES,19,21.616601,1000000.0,False
20,8,ZOCMAES,20,23.349072,1000000.0,False
20,8,ZOCMAES,21,22.691753,1000000.0,False
20,8,ZOCMAES,22,38.800172,1000000.0,False
20,8,ZOCMAES,23,24.549509,1000000.0,False
20,8,ZOCMAES,24,22.150939,1000000.0,False
20,8,ZOCMAES,25,141.174191,1000000.0,False
20,8,ZOCMAES,26,21.599382,1000000.0,False
20,8,ZOCMAES,27,22.665645,1000000.0,False
20,8,ZOCMAES,28,21.801595,1000000.0,False
20,8,ZOCMAES,29,24.951667,1000000.0,False
20,8,ZOCMAES,30,259.905711,1000000.0,False
20,8,EA4eigN100_10,1,0.29067385,1000000.0,False
20,8,EA4eigN100_10,2,0.5837532,1000000.0,False
20,8,EA4eigN100_10,3,0.60546247,1000000.0,False
20,8,EA4eigN100_10,4,0.61067952,1000000.0,False
20,8,EA4eigN100_10,5,2.9692852,1000000.0,False
20,8,EA4eigN100_10,6,8.0010482,1000000.0,False
20,8,EA4eigN100_10,7,17.547627,1000000.0,False
20,8,EA4eigN100_10,8,19.6936,1000000.0,False
20,8,EA4eigN100_10,9,20.109144,1000000.0,False
20,8,EA4eigN100_10,10,20.146398,1000000.0,False
20,8,EA4eigN100_10,11,20.190819,1000000.0,False
20,8,EA4eigN100_10,12,20.214288,1000000.0,False
20,8,EA4eigN100_10,13,20.219603,1000000.0,False
20,8,EA4eigN100_10,14,20.22209,1000000.0,False
20,8,EA4eigN100_10,15,20.257071,1000000.0,False
20,8,EA4eigN100_10,16,20.26549,1000000.0,False
20,8,EA4eigN100_10,17,20.279663,1000000.0,False
20,8,EA4eigN100_10,18,20.295065,1000000.0,False
20,8,EA4eigN100_10,19,20.317805,1000000.0,False
20,8,EA4eigN100_10,20,20.363437,1000000.0,False
20,8,EA4eigN100_10,21,20.365913,1000000.0,False
20,8,EA4eigN100_10,22,20.382697,1000000.0,False
20,8,EA4eigN100_10,23,20.460895,1000000.0,False
20,8,EA4eigN100_10,24,20.472231,1000000.0,False
20,8,EA4eigN100_10,25,20.478811,1000000.0,False
20,8,EA4eigN100_10,26,20.481465,1000000.0,False
20,8,EA4eigN100_10,27,20.525501,1000000.0,False
20,8,EA4eigN100_10,28,20.547425,1000000.0,False
20,8,EA4eigN100_10,29,20.645527,1000000.0,False
20,8,EA4eigN100_10,30,21.044124,1000000.0,False
20,8,NL-SHADE-LBC,1,20.9282,1000000.0,False
20,8,NL-SHADE-LBC,2,20.3666,1000000.0,False
20,8,NL-SHADE-LBC,3,2.9739,1000000.0,False
20,8,NL-SHADE-LBC,4,20.4453,1000000.0,False
20,8,NL-SHADE-LBC,5,7.9903,1000000.0,False
20,8,NL-SHADE-LBC,6,20.6641,1000000.0,False
20,8,NL-SHADE-LBC,7,20.4806,1000000.0,False
20,8,NL-SHADE-LBC,8,20.6888,1000000.0,False
20,8,NL-SHADE-LBC,9,21.0177,1000000.0,False
20,8,NL-SHADE-LBC,10,21.1146,1000000.0,False
20,8,NL-SHADE-LBC,11,0.343903,1000000.0,False
20,8,NL-SHADE-LBC,12,20.7009,1000000.0,False
20,8,NL-SHADE-LBC,13,11.3107,1000000.0,False
20,8,NL-SHADE-LBC,14,20.6113,1000000.0,False
20,8,NL-SHADE-LBC,15,20.6951,1000000.0,False
20,8,NL-SHADE-LBC,16,20.5932,1000000.0,False
20,8,NL-SHADE-LBC,17,8.12442,1000000.0,False
20,8,NL-SHADE-LBC,18,20.5429,1000000.0,False
20,8,NL-SHADE-LBC,19,7.22215,1000000.0,False
20,8,NL-SHADE-LBC,20,8.69685,1000000.0,False
20,8,NL-SHADE-LBC,21,20.4642,1000000.0,False
20,8,NL-SHADE-LBC,22,20.7711,1000000.0,False
20,8,NL-SHADE-LBC,23,20.1954,1000000.0,False
20,8,NL-SHADE-LBC,24,15.9877,1000000.0,False
20,8,NL-SHADE-LBC,25,20.3521,1000000.0,False
20,8,NL-SHADE-LBC,26,10.8264,1000000.0,False
20,8,NL-SHADE-LBC,27,20.6406,1000000.0,False
20,8,NL-SHADE-LBC,28,8.31194,1000000.0,False
20,8,NL-SHADE-LBC,29,20.6413,1000000.0,False
20,8,NL-SHADE-LBC,30,20.4977,1000000.0,False
20,8,S_LSHADE_DP,1,20.89083,1000000.0,False
20,8,S_LSHADE_DP,2,20.67627,1000000.0,False
20,8,S_LSHADE_DP,3,3.544411,1000000.0,False
20,8,S_LSHADE_DP,4,20.58849,1000000.0,False
20,8,S_LSHADE_DP,5,20.7911,1000000.0,False
20,8,S_LSHADE_DP,6,20.76994,1000000.0,False
20,8,S_LSHADE_DP,7,20.65636,1000000.0,False
20,8,S_LSHADE_DP,8,20.8238,1000000.0,False
20,8,S_LSHADE_DP,9,20.98979,1000000.0,False
20,8,S_LSHADE_DP,10,20.60679,1000000.0,False
20,8,S_LSHADE_DP,11,20.67836,1000000.0,False
20,8,S_LSHADE_DP,12,20.83708,1000000.0,False
20,8,S_LSHADE_DP,13,10.76961,1000000.0,False
20,8,S_LSHADE_DP,14,20.69389,1000000.0,False
20,8,S_LSHADE_DP,15,9.128812,1000000.0,False
20,8,S_LSHADE_DP,16,20.76215,1000000.0,False
20,8,S_LSHADE_DP,17,20.70532,1000000.0,False
20,8,S_LSHADE_DP,18,3.60403,1000000.0,False
20,8,S_LSHADE_DP,19,20.52229,1000000.0,False
20,8,S_LSHADE_DP,20,20.42041,1000000.0,False
20,8,S_LSHADE_DP,21,20.9254,1000000.0,False
20,8,S_LSHADE_DP,22,20.72172,1000000.0,False
20,8,S_LSHADE_DP,23,20.75752,1000000.0,False
20,8,S_LSHADE_DP,24,20.79577,1000000.0,False
20,8,S_LSHADE_DP,25,17.25949,1000000.0,False
20,8,S_LSHADE_DP,26,20.31455,1000000.0,False
20,8,S_LSHADE_DP,27,20.43642,1000000.0,False
20,8,S_LSHADE_DP,28,20.78937,1000000.0,False
20,8,S_LSHADE_DP,29,20.54893,1000000.0,False
20,8,S_LSHADE_DP,30,20.69024,1000000.0,False
20,8,NL-SHADE-RSP-MID,1,20.2252,1000000.0,False
20,8,NL-SHADE-RSP-MID,2,19.7913,1000000.0,False
20,8,NL-SHADE-RSP-MID,3,20.193,1000000.0,False
20,8,NL-SHADE-RSP-MID,4,20.1991,1000000.0,False
20,8,NL-SHADE-RSP-MID,5,13.9002,1000000.0,False
20,8,NL-SHADE-RSP-MID,6,20.4502,1000000.0,False
20,8,NL-SHADE-RSP-MID,7,20.2804,1000000.0,False
20,8,NL-SHADE-RSP-MID,8,20.2406,1000000.0,False
20,8,NL-SHADE-RSP-MID,9,20.3053,1000000.0,False
20,8,NL-SHADE-RSP-MID,10,20.1655,1000000.0,False
20,8,NL-SHADE-RSP-MID,11,20.2256,1000000.0,False
20,8,NL-SHADE-RSP-MID,12,20.2611,1000000.0,False
20,8,NL-SHADE-RSP-MID,13,20.3046,1000000.0,False
20,8,NL-SHADE-RSP-MID,14,20.4369,1000000.0,False
20,8,NL-SHADE-RSP-MID,15,20.3264,1000000.0,False
20,8,NL-SHADE-RSP-MID,16,20.3444,1000000.0,False
20,8,NL-SHADE-RSP-MID,17,20.3478,1000000.0,False
20,8,NL-SHADE-RSP-MID,18,20.3844,1000000.0,False
20,8,NL-SHADE-RSP-MID,19,20.3403,1000000.0,False
20,8,NL-SHADE-RSP-MID,20,20.2514,1000000.0,False
20,8,NL-SHADE-RSP-MID,21,20.2562,1000000.0,False
20,8,NL-SHADE-RSP-MID,22,20.504,1000000.0,False
20,8,NL-SHADE-RSP-MID,23,20.3619,1000000.0,False
20,8,NL-SHADE-RSP-MID,24,19.6609,1000000.0,False
20,8,NL-SHADE-RSP-MID,25,19.624,1000000.0,False
20,8,NL-SHADE-RSP-MID,26,20.3555,1000000.0,False
20,8,NL-SHADE-RSP-MID,27,20.1969,1000000.0,False
20,8,NL-SHADE-RSP-MID,28,20.323,1000000.0,False
20,8,NL-SHADE-RSP-MID,29,20.2358,1000000.0,False
20,8,NL-SHADE-RSP-MID,30,20.3533,1000000.0,False
20,8,Co-PPSO,1,21.931354,1000000.0,False
20,8,Co-PPSO,2,21.624601,1000000.0,False
20,8,Co-PPSO,3,21.488072,1000000.0,False
20,8,Co-PPSO,4,20.8848,1000000.0,False
20,8,Co-PPSO,5,23.183244,1000000.0,False
20,8,Co-PPSO,6,20.773751,1000000.0,False
20,8,Co-PPSO,7,20.642618,1000000.0,False
20,8,Co-PPSO,8,21.018455,1000000.0,False
20,8,Co-PPSO,9,21.783257,1000000.0,False
20,8,Co-PPSO,10,20.659769,1000000.0,False
20,8,Co-PPSO,11,20.672737,1000000.0,False
20,8,Co-PPSO,12,21.200364,1000000.0,False
20,8,Co-PPSO,13,20.836394,1000000.0,False
20,8,Co-PPSO,14,22.305499,1000000.0,False
20,8,Co-PPSO,15,22.006861,1000000.0,False
20,8,Co-PPSO,16,21.123726,1000000.0,False
20,8,Co-PPSO,17,26.38389,1000000.0,False
20,8,Co-PPSO,18,21.538093,1000000.0,False
20,8,Co-PPSO,19,21.318945,1000000.0,False
20,8,Co-PPSO,20,22.806307,1000000.0,False
20,8,Co-PPSO,21,22.175297,1000000.0,False
20,8,Co-PPSO,22,20.928713,1000000.0,False
20,8,Co-PPSO,23,23.93503,1000000.0,False
20,8,Co-PPSO,24,22.184218,1000000.0,False
20,8,Co-PPSO,25,21.082804,1000000.0,False
20,8,Co-PPSO,26,22.069246,1000000.0,False
20,8,Co-PPSO,27,20.418026,1000000.0,False
20,8,Co-PPSO,28,21.040075,1000000.0,False
20,8,Co-PPSO,29,24.132396,1000000.0,False
20,8,Co-PPSO,30,20.802571,1000000.0,False
20,8,NLSOMACLP,1,21.7710744,1000000.0,False
20,8,NLSOMACLP,2,20.8754452,1000000.0,False
20,8,NLSOMACLP,3,20.4711426,1000000.0,False
20,8,NLSOMACLP,4,20.9445617,1000000.0,False
20,8,NLSOMACLP,5,21.1525763,1000000.0,False
20,8,NLSOMACLP,6,21.4848929,1000000.0,False
20,8,NLSOMACLP,7,20.986337,1000000.0,False
20,8,NLSOMACLP,8,21.6307432,1000000.0,False
20,8,NLSOMACLP,9,20.2288455,1000000.0,False
20,8,NLSOMACLP,10,20.8618483,1000000.0,False
20,8,NLSOMACLP,11,19.7821139,1000000.0,False
20,8,NLSOMACLP,12,21.2744626,1000000.0,False
20,8,NLSOMACLP,13,17.2648204,1000000.0,False
20,8,NLSOMACLP,14,21.5701849,1000000.0,False
20,8,NLSOMACLP,15,20.6292864,1000000.0,False
20,8,NLSOMACLP,16,20.7878711,1000000.0,False
20,8,NLSOMACLP,17,20.8458791,1000000.0,False
20,8,NLSOMACLP,18,20.7506038,1000000.0,False
20,8,NLSOMACLP,19,20.4984246,1000000.0,False
20,8,NLSOMACLP,20,18.0478966,1000000.0,False
20,8,NLSOMACLP,21,21.223007,1000000.0,False
20,8,NLSOMACLP,22,22.0775903,1000000.0,False
20,8,NLSOMACLP,23,20.816946,1000000.0,False
20,8,NLSOMACLP,24,20.6992048,1000000.0,False
20,8,NLSOMACLP,25,20.7155186,1000000.0,False
20,8,NLSOMACLP,26,21.7384244,1000000.0,False
20,8,NLSOMACLP,27,20.8529406,1000000.0,False
20,8,NLSOMACLP,28,21.2977184,1000000.0,False
20,8,NLSOMACLP,29,21.4382323,1000000.0,False
20,8,NLSOMACLP,30,21.5119425,1000000.0,False
20,9,PDABC,1,335.63877027159106,1000000.0,False
20,9,PDABC,2,335.6387702715947,1000000.0,False
20,9,PDABC,3,335.6387702715965,1000000.0,False
20,9,PDABC,4,335.6387702715947,1000000.0,False
20,9,PDABC,5,335.63877027160015,1000000.0,False
20,9,PDABC,6,335.63877027160197,1000000.0,False
20,9,PDABC,7,335.6387702715929,1000000.0,False
20,9,PDABC,8,335.6387702715997,1000000.0,False
20,9,PDABC,9,335.6387702715929,1000000.0,False
20,9,PDABC,10,335.63877027159197,1000000.0,False
20,9,PDABC,11,335.6387702715974,1000000.0,False
20,9,PDABC,12,335.63877027159606,1000000.0,False
20,9,PDABC,13,335.63877027161016,1000000.0,False
20,9,PDABC,14,335.63877027158696,1000000.0,False
20,9,PDABC,15,335.63877027160834,1000000.0,False
20,9,PDABC,16,335.63877027163926,1000000.0,False
20,9,PDABC,17,335.63877027159197,1000000.0,False
20,9,PDABC,18,335.6387702715856,1000000.0,False
20,9,PDABC,19,335.63877027160515,1000000.0,False
20,9,PDABC,20,1e-08,431169.0,True
20,9,PDABC,21,335.63877027159015,1000000.0,False
20,9,PDABC,22,335.63877027159197,1000000.0,False
20,9,PDABC,23,335.63877027159106,1000000.0,False
20,9,PDABC,24,335.6387702716024,1000000.0,False
20,9,PDABC,25,335.6387702715888,1000000.0,False
20,9,PDABC,26,335.63877027159424,1000000.0,False
20,9,PDABC,27,335.6387702715856,1000000.0,False
20,9,PDABC,28,335.6387702715938,1000000.0,False
20,9,PDABC,29,335.6387702716038,1000000.0,False
20,9,PDABC,30,335.6387702715947,1000000.0,False
20,9,ABC,1,335.807772,1000000.0,False
20,9,ABC,2,335.803717,1000000.0,False
20,9,ABC,3,335.85325,1000000.0,False
20,9,ABC,4,336.007511,1000000.0,False
20,9,ABC,5,335.876472,1000000.0,False
20,9,ABC,6,335.65324,1000000.0,False
20,9,ABC,7,335.802793,1000000.0,False
20,9,ABC,8,335.727066,1000000.0,False
20,9,ABC,9,335.818808,1000000.0,False
20,9,ABC,10,336.011678,1000000.0,False
20,9,ABC,11,336.017446,1000000.0,False
20,9,ABC,12,336.013833,1000000.0,False
20,9,ABC,13,336.014626,1000000.0,False
20,9,ABC,14,335.726756,1000000.0,False
20,9,ABC,15,335.818958,1000000.0,False
20,9,ABC,16,335.915252,1000000.0,False
20,9,ABC,17,335.711216,1000000.0,False
20,9,ABC,18,335.866925,1000000.0,False
20,9,ABC,19,335.798673,1000000.0,False
20,9,ABC,20,335.997947,1000000.0,False
20,9,ABC,21,335.824477,1000000.0,False
20,9,ABC,22,336.0248,1000000.0,False
20,9,ABC,23,335.947388,1000000.0,False
20,9,ABC,24,335.781745,1000000.0,False
20,9,ABC,25,336.106462,1000000.0,False
20,9,ABC,26,335.751726,1000000.0,False
20,9,ABC,27,335.963597,1000000.0,False
20,9,ABC,28,336.071311,1000000.0,False
20,9,ABC,29,336.155304,1000000.0,False
20,9,ABC,30,335.892328,1000000.0,False
20,9,ZOCMAES,1,180.742355,1000000.0,False
20,9,ZOCMAES,2,180.74235,1000000.0,False
20,9,ZOCMAES,3,180.742355,1000000.0,False
20,9,ZOCMAES,4,180.742763,1000000.0,False
20,9,ZOCMAES,5,180.74276,1000000.0,False
20,9,ZOCMAES,6,180.742289,1000000.0,False
20,9,ZOCMAES,7,180.742355,1000000.0,False
20,9,ZOCMAES,8,180.742762,1000000.0,False
20,9,ZOCMAES,9,180.742355,1000000.0,False
20,9,ZOCMAES,10,180.742354,1000000.0,False
20,9,ZOCMAES,11,180.742355,1000000.0,False
20,9,ZOCMAES,12,180.742762,1000000.0,False
20,9,ZOCMAES,13,180.742355,1000000.0,False
20,9,ZOCMAES,14,180.742657,1000000.0,False
20,9,ZOCMAES,15,180.742314,1000000.0,False
20,9,ZOCMAES,16,180.742355,1000000.0,False
20,9,ZOCMAES,17,180.742297,1000000.0,False
20,9,ZOCMAES,18,180.742355,1000000.0,False
20,9,ZOCMAES,19,180.742351,1000000.0,False
20,9,ZOCMAES,20,180.742346,1000000.0,False
20,9,ZOCMAES,21,180.742354,1000000.0,False
20,9,ZOCMAES,22,180.742356,1000000.0,False
20,9,ZOCMAES,23,180.742355,1000000.0,False
20,9,ZOCMAES,24,180.742347,1000000.0,False
20,9,ZOCMAES,25,180.742429,1000000.0,False
20,9,ZOCMAES,26,180.742714,1000000.0,False
20,9,ZOCMAES,27,180.742591,1000000.0,False
20,9,ZOCMAES,28,180.742545,1000000.0,False
20,9,ZOCMAES,29,180.742306,1000000.0,False
20,9,ZOCMAES,30,180.742351,1000000.0,False
20,9,EA4eigN100_10,1,165.34351,1000000.0,False
20,9,EA4eigN100_10,2,165.34351,1000000.0,False
20,9,EA4eigN100_10,3,165.34351,1000000.0,False
20,9,EA4eigN100_10,4,165.34351,1000000.0,False
20,9,EA4eigN100_10,5,165.34351,1000000.0,False
20,9,EA4eigN100_10,6,165.34351,1000000.0,False
20,9,EA4eigN100_10,7,165.34351,1000000.0,False
20,9,EA4eigN100_10,8,165.34351,1000000.0,False
20,9,EA4eigN100_10,9,165.34351,1000000.0,False
20,9,EA4eigN100_10,10,165.34351,1000000.0,False
20,9,EA4eigN100_10,11,165.34351,1000000.0,False
20,9,EA4eigN100_10,12,165.34351,1000000.0,False
20,9,EA4eigN100_10,13,165.34351,1000000.0,False
20,9,EA4eigN100_10,14,165.34351,1000000.0,False
20,9,EA4eigN100_10,15,165.34351,1000000.0,False
20,9,EA4eigN100_10,16,165.34351,1000000.0,False
20,9,EA4eigN100_10,17,165.34351,1000000.0,False
20,9,EA4eigN100_10,18,165.34351,1000000.0,False
20,9,EA4eigN100_10,19,165.34351,1000000.0,False
20,9,EA4eigN100_10,20,165.34351,1000000.0,False
20,9,EA4eigN100_10,21,165.34351,1000000.0,False
20,9,EA4eigN100_10,22,165.34351,1000000.0,False
20,9,EA4eigN100_10,23,165.34351,1000000.0,False
20,9,EA4eigN100_10,24,165.34351,1000000.0,False
20,9,EA4eigN100_10,25,165.34351,1000000.0,False
20,9,EA4eigN100_10,26,165.34351,1000000.0,False
20,9,EA4eigN100_10,27,165.34351,1000000.0,False
20,9,EA4eigN100_10,28,165.34351,1000000.0,False
20,9,EA4eigN100_10,29,165.34351,1000000.0,False
20,9,EA4eigN100_10,30,165.34351,1000000.0,False
20,9,NL-SHADE-LBC,1,180.781,1000000.0,False
20,9,NL-SHADE-LBC,2,180.781,1000000.0,False
20,9,NL-SHADE-LBC,3,180.781,1000000.0,False
20,9,NL-SHADE-LBC,4,180.781,1000000.0,False
20,9,NL-SHADE-LBC,5,180.781,1000000.0,False
20,9,NL-SHADE-LBC,6,180.781,1000000.0,False
20,9,NL-SHADE-LBC,7,180.781,1000000.0,False
20,9,NL-SHADE-LBC,8,180.781,1000000.0,False
20,9,NL-SHADE-LBC,9,180.781,1000000.0,False
20,9,NL-SHADE-LBC,10,180.781,1000000.0,False
20,9,NL-SHADE-LBC,11,180.781,1000000.0,False
20,9,NL-SHADE-LBC,12,180.781,1000000.0,False
20,9,NL-SHADE-LBC,13,180.781,1000000.0,False
20,9,NL-SHADE-LBC,14,180.781,1000000.0,False
20,9,NL-SHADE-LBC,15,180.781,1000000.0,False
20,9,NL-SHADE-LBC,16,180.781,1000000.0,False
20,9,NL-SHADE-LBC,17,180.781,1000000.0,False
20,9,NL-SHADE-LBC,18,180.781,1000000.0,False
20,9,NL-SHADE-LBC,19,180.781,1000000.0,False
20,9,NL-SHADE-LBC,20,180.781,1000000.0,False
20,9,NL-SHADE-LBC,21,180.781,1000000.0,False
20,9,NL-SHADE-LBC,22,180.781,1000000.0,False
20,9,NL-SHADE-LBC,23,180.781,1000000.0,False
20,9,NL-SHADE-LBC,24,180.781,1000000.0,False
20,9,NL-SHADE-LBC,25,180.781,1000000.0,False
20,9,NL-SHADE-LBC,26,180.781,1000000.0,False
20,9,NL-SHADE-LBC,27,180.781,1000000.0,False
20,9,NL-SHADE-LBC,28,180.781,1000000.0,False
20,9,NL-SHADE-LBC,29,180.781,1000000.0,False
20,9,NL-SHADE-LBC,30,180.781,1000000.0,False
20,9,S_LSHADE_DP,1,180.7813,1000000.0,False
20,9,S_LSHADE_DP,2,180.7813,1000000.0,False
20,9,S_LSHADE_DP,3,180.7813,1000000.0,False
20,9,S_LSHADE_DP,4,180.7813,1000000.0,False
20,9,S_LSHADE_DP,5,180.7813,1000000.0,False
20,9,S_LSHADE_DP,6,180.7813,1000000.0,False
20,9,S_LSHADE_DP,7,180.7813,1000000.0,False
20,9,S_LSHADE_DP,8,180.7813,1000000.0,False
20,9,S_LSHADE_DP,9,180.7813,1000000.0,False
20,9,S_LSHADE_DP,10,180.7813,1000000.0,False
20,9,S_LSHADE_DP,11,180.7813,1000000.0,False
20,9,S_LSHADE_DP,12,180.7813,1000000.0,False
20,9,S_LSHADE_DP,13,180.7813,1000000.0,False
20,9,S_LSHADE_DP,14,180.7813,1000000.0,False
20,9,S_LSHADE_DP,15,180.7813,1000000.0,False
20,9,S_LSHADE_DP,16,180.7813,1000000.0,False
20,9,S_LSHADE_DP,17,180.7813,1000000.0,False
20,9,S_LSHADE_DP,18,180.7813,1000000.0,False
20,9,S_LSHADE_DP,19,180.7813,1000000.0,False
20,9,S_LSHADE_DP,20,180.7813,1000000.0,False
20,9,S_LSHADE_DP,21,180.7813,1000000.0,False
20,9,S_LSHADE_DP,22,180.7813,1000000.0,False
20,9,S_LSHADE_DP,23,180.7813,1000000.0,False
20,9,S_LSHADE_DP,24,180.7813,1000000.0,False
20,9,S_LSHADE_DP,25,180.7813,1000000.0,False
20,9,S_LSHADE_DP,26,180.7813,1000000.0,False
20,9,S_LSHADE_DP,27,180.7813,1000000.0,False
20,9,S_LSHADE_DP,28,180.7813,1000000.0,False
20,9,S_LSHADE_DP,29,180.7813,1000000.0,False
20,9,S_LSHADE_DP,30,180.7813,1000000.0,False
20,9,NL-SHADE-RSP-MID,1,180.781,1000000.0,False
20,9,NL-SHADE-RSP-MID,2,180.781,1000000.0,False
20,9,NL-SHADE-RSP-MID,3,180.781,1000000.0,False
20,9,NL-SHADE-RSP-MID,4,180.781,1000000.0,False
20,9,NL-SHADE-RSP-MID,5,180.781,1000000.0,False
20,9,NL-SHADE-RSP-MID,6,180.781,1000000.0,False
20,9,NL-SHADE-RSP-MID,7,180.781,1000000.0,False
20,9,NL-SHADE-RSP-MID,8,180.781,1000000.0,False
20,9,NL-SHADE-RSP-MID,9,180.781,1000000.0,False
20,9,NL-SHADE-RSP-MID,10,180.781,1000000.0,False
20,9,NL-SHADE-RSP-MID,11,180.781,1000000.0,False
20,9,NL-SHADE-RSP-MID,12,180.781,1000000.0,False
20,9,NL-SHADE-RSP-MID,13,180.781,1000000.0,False
20,9,NL-SHADE-RSP-MID,14,180.781,1000000.0,False
20,9,NL-SHADE-RSP-MID,15,180.781,1000000.0,False
20,9,NL-SHADE-RSP-MID,16,180.781,1000000.0,False
20,9,NL-SHADE-RSP-MID,17,180.781,1000000.0,False
20,9,NL-SHADE-RSP-MID,18,180.781,1000000.0,False
20,9,NL-SHADE-RSP-MID,19,180.781,1000000.0,False
20,9,NL-SHADE-RSP-MID,20,180.781,1000000.0,False
20,9,NL-SHADE-RSP-MID,21,180.781,1000000.0,False
20,9,NL-SHADE-RSP-MID,22,180.781,1000000.0,False
20,9,NL-SHADE-RSP-MID,23,180.781,1000000.0,False
20,9,NL-SHADE-RSP-MID,24,180.781,1000000.0,False
20,9,NL-SHADE-RSP-MID,25,180.781,1000000.0,False
20,9,NL-SHADE-RSP-MID,26,180.781,1000000.0,False
20,9,NL-SHADE-RSP-MID,27,180.781,1000000.0,False
20,9,NL-SHADE-RSP-MID,28,180.781,1000000.0,False
20,9,NL-SHADE-RSP-MID,29,180.781,1000000.0,False
20,9,NL-SHADE-RSP-MID,30,180.781,1000000.0,False
20,9,Co-PPSO,1,180.38494,1000000.0,False
20,9,Co-PPSO,2,180.25212,1000000.0,False
20,9,Co-PPSO,3,180.39198,1000000.0,False
20,9,Co-PPSO,4,180.33263,1000000.0,False
20,9,Co-PPSO,5,180.36731,1000000.0,False
20,9,Co-PPSO,6,180.43943,1000000.0,False
20,9,Co-PPSO,7,180.24925,1000000.0,False
20,9,Co-PPSO,8,180.29209,1000000.0,False
20,9,Co-PPSO,9,180.53376,1000000.0,False
20,9,Co-PPSO,10,180.89021,1000000.0,False
20,9,Co-PPSO,11,180.08689,1000000.0,False
20,9,Co-PPSO,12,180.11305,1000000.0,False
20,9,Co-PPSO,13,181.30332,1000000.0,False
20,9,Co-PPSO,14,180.3408,1000000.0,False
20,9,Co-PPSO,15,180.20059,1000000.0,False
20,9,Co-PPSO,16,180.36478,1000000.0,False
20,9,Co-PPSO,17,180.26518,1000000.0,False
20,9,Co-PPSO,18,180.29941,1000000.0,False
20,9,Co-PPSO,19,180.16267,1000000.0,False
20,9,Co-PPSO,20,180.28008,1000000.0,False
20,9,Co-PPSO,21,180.19301,1000000.0,False
20,9,Co-PPSO,22,180.113,1000000.0,False
20,9,Co-PPSO,23,180.25524,1000000.0,False
20,9,Co-PPSO,24,180.39115,1000000.0,False
20,9,Co-PPSO,25,180.91961,1000000.0,False
20,9,Co-PPSO,26,180.46001,1000000.0,False
20,9,Co-PPSO,27,181.74916,1000000.0,False
20,9,Co-PPSO,28,181.02744,1000000.0,False
20,9,Co-PPSO,29,180.20548,1000000.0,False
20,9,Co-PPSO,30,180.26439,1000000.0,False
20,9,NLSOMACLP,1,180.781272,1000000.0,False
20,9,NLSOMACLP,2,180.781272,1000000.0,False
20,9,NLSOMACLP,3,180.781272,1000000.0,False
20,9,NLSOMACLP,4,180.781272,1000000.0,False
20,9,NLSOMACLP,5,180.781272,1000000.0,False
20,9,NLSOMACLP,6,180.781272,1000000.0,False
20,9,NLSOMACLP,7,180.781272,1000000.0,False
20,9,NLSOMACLP,8,180.781272,1000000.0,False
20,9,NLSOMACLP,9,180.781272,1000000.0,False
20,9,NLSOMACLP,10,180.781272,1000000.0,False
20,9,NLSOMACLP,11,180.781272,1000000.0,False
20,9,NLSOMACLP,12,180.781272,1000000.0,False
20,9,NLSOMACLP,13,180.781272,1000000.0,False
20,9,NLSOMACLP,14,180.781272,1000000.0,False
20,9,NLSOMACLP,15,180.781272,1000000.0,False
20,9,NLSOMACLP,16,180.781272,1000000.0,False
20,9,NLSOMACLP,17,180.781272,1000000.0,False
20,9,NLSOMACLP,18,180.781272,1000000.0,False
20,9,NLSOMACLP,19,180.781272,1000000.0,False
20,9,NLSOMACLP,20,180.781272,1000000.0,False
20,9,NLSOMACLP,21,180.781272,1000000.0,False
20,9,NLSOMACLP,22,180.781272,1000000.0,False
20,9,NLSOMACLP,23,180.781272,1000000.0,False
20,9,NLSOMACLP,24,180.781272,1000000.0,False
20,9,NLSOMACLP,25,180.781272,1000000.0,False
20,9,NLSOMACLP,26,180.781272,1000000.0,False
20,9,NLSOMACLP,27,180.781272,1000000.0,False
20,9,NLSOMACLP,28,180.781272,1000000.0,False
20,9,NLSOMACLP,29,180.781272,1000000.0,False
20,9,NLSOMACLP,30,180.781272,1000000.0,False
20,10,PDABC,1,1e-08,5223.0,True
20,10,PDABC,2,1e-08,1767.0,True
20,10,PDABC,3,1e-08,3254.0,True
20,10,PDABC,4,1e-08,4268.0,True
20,10,PDABC,5,1e-08,2788.0,True
20,10,PDABC,6,1e-08,3728.0,True
20,10,PDABC,7,1e-08,9030.0,True
20,10,PDABC,8,1e-08,2177.0,True
20,10,PDABC,9,1e-08,2463.0,True
20,10,PDABC,10,1e-08,3782.0,True
20,10,PDABC,11,1e-08,2822.0,True
20,10,PDABC,12,1e-08,2466.0,True
20,10,PDABC,13,1e-08,3301.0,True
20,10,PDABC,14,1e-08,6863.0,True
20,10,PDABC,15,1e-08,4999.0,True
20,10,PDABC,16,1e-08,1278.0,True
20,10,PDABC,17,1e-08,1397.0,True
20,10,PDABC,18,1e-08,3138.0,True
20,10,PDABC,19,1e-08,3083.0,True
20,10,PDABC,20,1e-08,2822.0,True
20,10,PDABC,21,1e-08,1507.0,True
20,10,PDABC,22,1e-08,3129.0,True
20,10,PDABC,23,1e-08,4888.0,True
20,10,PDABC,24,1e-08,3920.0,True
20,10,PDABC,25,1e-08,2670.0,True
20,10,PDABC,26,1e-08,6868.0,True
20,10,PDABC,27,1e-08,2061.0,True
20,10,PDABC,28,1e-08,3795.0,True
20,10,PDABC,29,1e-08,10817.0,True
20,10,PDABC,30,1e-08,5706.0,True
20,10,ABC,1,1e-08,2172.0,True
20,10,ABC,2,1e-08,1557.0,True
20,10,ABC,3,1e-08,700.0,True
20,10,ABC,4,1e-08,1219.0,True
20,10,ABC,5,1e-08,1501.0,True
20,10,ABC,6,1e-08,2225.0,True
20,10,ABC,7,1e-08,3485.0,True
20,10,ABC,8,1e-08,1816.0,True
20,10,ABC,9,1e-08,1350.0,True
20,10,ABC,10,1e-08,497.0,True
20,10,ABC,11,1e-08,321.0,True
20,10,ABC,12,1e-08,2002.0,True
20,10,ABC,13,1e-08,2588.0,True
20,10,ABC,14,1e-08,1466.0,True
20,10,ABC,15,1e-08,2643.0,True
20,10,ABC,16,1e-08,1209.0,True
20,10,ABC,17,1e-08,2126.0,True
20,10,ABC,18,1e-08,2168.0,True
20,10,ABC,19,1e-08,970.0,True
20,10,ABC,20,1e-08,1756.0,True
20,10,ABC,21,1e-08,1338.0,True
20,10,ABC,22,1e-08,1226.0,True
20,10,ABC,23,1e-08,1817.0,True
20,10,ABC,24,1e-08,1088.0,True
20,10,ABC,25,1e-08,1165.0,True
20,10,ABC,26,1e-08,1681.0,True
20,10,ABC,27,1e-08,842.0,True
20,10,ABC,28,1e-08,2516.0,True
20,10,ABC,29,1e-08,1321.0,True
20,10,ABC,30,1e-08,1269.0,True
20,10,ZOCMAES,1,100.586415,1000000.0,False
20,10,ZOCMAES,2,235.669845,1000000.0,False
20,10,ZOCMAES,3,100.676547,1000000.0,False
20,10,ZOCMAES,4,2239.75036,1000000.0,False
20,10,ZOCMAES,5,257.711787,1000000.0,False
20,10,ZOCMAES,6,100.529512,1000000.0,False
20,10,ZOCMAES,7,100.576445,1000000.0,False
20,10,ZOCMAES,8,100.635714,1000000.0,False
20,10,ZOCMAES,9,1949.91097,1000000.0,False
20,10,ZOCMAES,10,100.537478,1000000.0,False
20,10,ZOCMAES,11,2149.42482,1000000.0,False
20,10,ZOCMAES,12,100.568153,1000000.0,False
20,10,ZOCMAES,13,1240.19937,1000000.0,False
20,10,ZOCMAES,14,100.36986,1000000.0,False
20,10,ZOCMAES,15,100.535991,1000000.0,False
20,10,ZOCMAES,16,1714.12968,1000000.0,False
20,10,ZOCMAES,17,100.675524,1000000.0,False
20,10,ZOCMAES,18,100.756997,1000000.0,False
20,10,ZOCMAES,19,100.697663,1000000.0,False
20,10,ZOCMAES,20,100.592304,1000000.0,False
20,10,ZOCMAES,21,219.440084,1000000.0,False
20,10,ZOCMAES,22,100.378909,1000000.0,False
20,10,ZOCMAES,23,2655.10621,1000000.0,False
20,10,ZOCMAES,24,241.049148,1000000.0,False
20,10,ZOCMAES,25,2830.60379,1000000.0,False
20,10,ZOCMAES,26,100.623364,1000000.0,False
20,10,ZOCMAES,27,236.998354,1000000.0,False
20,10,ZOCMAES,28,735.748915,1000000.0,False
20,10,ZOCMAES,29,3708.66114,1000000.0,False
20,10,ZOCMAES,30,100.643549,1000000.0,False
20,10,EA4eigN100_10,1,100.20102,1000000.0,False
20,10,EA4eigN100_10,2,100.22201,1000000.0,False
20,10,EA4eigN100_10,3,100.22876,1000000.0,False
20,10,EA4eigN100_10,4,100.23072,1000000.0,False
20,10,EA4eigN100_10,5,100.23277,1000000.0,False
20,10,EA4eigN100_10,6,100.23391,1000000.0,False
20,10,EA4eigN100_10,7,100.23445,1000000.0,False
20,10,EA4eigN100_10,8,100.23468,1000000.0,False
20,10,EA4eigN100_10,9,100.23579,1000000.0,False
20,10,EA4eigN100_10,10,100.23616,1000000.0,False
20,10,EA4eigN100_10,11,100.23902,1000000.0,False
20,10,EA4eigN100_10,12,100.24199,1000000.0,False
20,10,EA4eigN100_10,13,100.24664,1000000.0,False
20,10,EA4eigN100_10,14,100.2506,1000000.0,False
20,10,EA4eigN100_10,15,100.25548,1000000.0,False
20,10,EA4eigN100_10,16,100.25661,1000000.0,False
20,10,EA4eigN100_10,17,100.25685,1000000.0,False
20,10,EA4eigN100_10,18,100.25729,1000000.0,False
20,10,EA4eigN100_10,19,100.26246,1000000.0,False
20,10,EA4eigN100_10,20,100.26305,1000000.0,False
20,10,EA4eigN100_10,21,100.26498,1000000.0,False
20,10,EA4eigN100_10,22,100.26506,1000000.0,False
20,10,EA4eigN100_10,23,100.2759,1000000.0,False
20,10,EA4eigN100_10,24,100.27665,1000000.0,False
20,10,EA4eigN100_10,25,100.27804,1000000.0,False
20,10,EA4eigN100_10,26,100.28943,1000000.0,False
20,10,EA4eigN100_10,27,100.31082,1000000.0,False
20,10,EA4eigN100_10,28,100.31573,1000000.0,False
20,10,EA4eigN100_10,29,217.42762,1000000.0,False
20,10,EA4eigN100_10,30,223.25156,1000000.0,False
20,10,NL-SHADE-LBC,1,100.192,1000000.0,False
20,10,NL-SHADE-LBC,2,100.16,1000000.0,False
20,10,NL-SHADE-LBC,3,100.216,1000000.0,False
20,10,NL-SHADE-LBC,4,100.169,1000000.0,False
20,10,NL-SHADE-LBC,5,100.183,1000000.0,False
20,10,NL-SHADE-LBC,6,100.203,1000000.0,False
20,10,NL-SHADE-LBC,7,100.158,1000000.0,False
20,10,NL-SHADE-LBC,8,100.177,1000000.0,False
20,10,NL-SHADE-LBC,9,100.213,1000000.0,False
20,10,NL-SHADE-LBC,10,100.181,1000000.0,False
20,10,NL-SHADE-LBC,11,100.146,1000000.0,False
20,10,NL-SHADE-LBC,12,100.217,1000000.0,False
20,10,NL-SHADE-LBC,13,100.173,1000000.0,False
20,10,NL-SHADE-LBC,14,100.19,1000000.0,False
20,10,NL-SHADE-LBC,15,100.135,1000000.0,False
20,10,NL-SHADE-LBC,16,100.219,1000000.0,False
20,10,NL-SHADE-LBC,17,100.169,1000000.0,False
20,10,NL-SHADE-LBC,18,100.133,1000000.0,False
20,10,NL-SHADE-LBC,19,100.21,1000000.0,False
20,10,NL-SHADE-LBC,20,100.202,1000000.0,False
20,10,NL-SHADE-LBC,21,100.173,1000000.0,False
20,10,NL-SHADE-LBC,22,100.198,1000000.0,False
20,10,NL-SHADE-LBC,23,100.181,1000000.0,False
20,10,NL-SHADE-LBC,24,100.187,1000000.0,False
20,10,NL-SHADE-LBC,25,100.194,1000000.0,False
20,10,NL-SHADE-LBC,26,100.168,1000000.0,False
20,10,NL-SHADE-LBC,27,100.167,1000000.0,False
20,10,NL-SHADE-LBC,28,100.207,1000000.0,False
20,10,NL-SHADE-LBC,29,100.188,1000000.0,False
20,10,NL-SHADE-LBC,30,100.167,1000000.0,False
20,10,S_LSHADE_DP,1,0.0,166908.0,True
20,10,S_LSHADE_DP,2,0.0,177675.0,True
20,10,S_LSHADE_DP,3,0.0,134494.0,True
20,10,S_LSHADE_DP,4,0.0,165564.0,True
20,10,S_LSHADE_DP,5,0.0,160597.0,True
20,10,S_LSHADE_DP,6,0.0,144885.0,True
20,10,S_LSHADE_DP,7,0.0,164472.0,True
20,10,S_LSHADE_DP,8,0.0,172363.0,True
20,10,S_LSHADE_DP,9,0.0,158132.0,True
20,10,S_LSHADE_DP,10,0.0,145401.0,True
20,10,S_LSHADE_DP,11,0.0,144971.0,True
20,10,S_LSHADE_DP,12,0.0,147379.0,True
20,10,S_LSHADE_DP,13,0.0,141875.0,True
20,10,S_LSHADE_DP,14,0.0,155752.0,True
20,10,S_LSHADE_DP,15,0.0,145659.0,True
20,10,S_LSHADE_DP,16,0.0,160002.0,True
20,10,S_LSHADE_DP,17,0.0,159662.0,True
20,10,S_LSHADE_DP,18,0.0,137278.0,True
20,10,S_LSHADE_DP,19,0.0,150819.0,True
20,10,S_LSHADE_DP,20,0.0,166824.0,True
20,10,S_LSHADE_DP,21,0.0,155582.0,True
20,10,S_LSHADE_DP,22,0.0,161277.0,True
20,10,S_LSHADE_DP,23,0.0,187407.0,True
20,10,S_LSHADE_DP,24,0.0,147637.0,True
20,10,S_LSHADE_DP,25,0.0,137974.0,True
20,10,S_LSHADE_DP,26,0.0,147895.0,True
20,10,S_LSHADE_DP,27,0.0,143767.0,True
20,10,S_LSHADE_DP,28,0.0,145229.0,True
20,10,S_LSHADE_DP,29,0.0,134668.0,True
20,10,S_LSHADE_DP,30,0.0,179916.0,True
20,10,NL-SHADE-RSP-MID,1,0.0,155053.0,True
20,10,NL-SHADE-RSP-MID,2,0.0,143789.0,True
20,10,NL-SHADE-RSP-MID,3,0.0,141705.0,True
20,10,NL-SHADE-RSP-MID,4,0.0,147178.0,True
20,10,NL-SHADE-RSP-MID,5,0.0,155917.0,True
20,10,NL-SHADE-RSP-MID,6,0.0,173788.0,True
20,10,NL-SHADE-RSP-MID,7,0.0,144373.0,True
20,10,NL-SHADE-RSP-MID,8,0.0,142850.0,True
20,10,NL-SHADE-RSP-MID,9,0.0,142201.0,True
20,10,NL-SHADE-RSP-MID,10,0.0,141647.0,True
20,10,NL-SHADE-RSP-MID,11,0.0,154382.0,True
20,10,NL-SHADE-RSP-MID,12,0.0,145784.0,True
20,10,NL-SHADE-RSP-MID,13,0.0,135860.0,True
20,10,NL-SHADE-RSP-MID,14,0.0,147875.0,True
20,10,NL-SHADE-RSP-MID,15,0.0,138543.0,True
20,10,NL-SHADE-RSP-MID,16,0.0,137252.0,True
20,10,NL-SHADE-RSP-MID,17,0.0,143125.0,True
20,10,NL-SHADE-RSP-MID,18,0.0,140494.0,True
20,10,NL-SHADE-RSP-MID,19,0.0,141630.0,True
20,10,NL-SHADE-RSP-MID,20,0.0,141078.0,True
20,10,NL-SHADE-RSP-MID,21,0.0,140291.0,True
20,10,NL-SHADE-RSP-MID,22,0.0,151231.0,True
20,10,NL-SHADE-RSP-MID,23,0.0,143179.0,True
20,10,NL-SHADE-RSP-MID,24,0.0,142018.0,True
20,10,NL-SHADE-RSP-MID,25,0.0312322,1000000.0,False
20,10,NL-SHADE-RSP-MID,26,0.0312313,1000000.0,False
20,10,NL-SHADE-RSP-MID,27,0.0,153301.0,True
20,10,NL-SHADE-RSP-MID,28,0.0,139929.0,True
20,10,NL-SHADE-RSP-MID,29,0.0,167529.0,True
20,10,NL-SHADE-RSP-MID,30,0.0,135839.0,True
20,10,Co-PPSO,1,100.46894,1000000.0,False
20,10,Co-PPSO,2,100.38084,1000000.0,False
20,10,Co-PPSO,3,100.2928,1000000.0,False
20,10,Co-PPSO,4,100.41012,1000000.0,False
20,10,Co-PPSO,5,100.31522,1000000.0,False
20,10,Co-PPSO,6,100.30832,1000000.0,False
20,10,Co-PPSO,7,100.33097,1000000.0,False
20,10,Co-PPSO,8,100.32465,1000000.0,False
20,10,Co-PPSO,9,100.37614,1000000.0,False
20,10,Co-PPSO,10,100.39243,1000000.0,False
20,10,Co-PPSO,11,100.42193,1000000.0,False
20,10,Co-PPSO,12,100.31431,1000000.0,False
20,10,Co-PPSO,13,100.25686,1000000.0,False
20,10,Co-PPSO,14,100.25692,1000000.0,False
20,10,Co-PPSO,15,100.33166,1000000.0,False
20,10,Co-PPSO,16,100.4113,1000000.0,False
20,10,Co-PPSO,17,100.30873,1000000.0,False
20,10,Co-PPSO,18,224.15284,1000000.0,False
20,10,Co-PPSO,19,100.24833,1000000.0,False
20,10,Co-PPSO,20,100.48452,1000000.0,False
20,10,Co-PPSO,21,100.52743,1000000.0,False
20,10,Co-PPSO,22,100.40938,1000000.0,False
20,10,Co-PPSO,23,100.46339,1000000.0,False
20,10,Co-PPSO,24,100.40499,1000000.0,False
20,10,Co-PPSO,25,100.33769,1000000.0,False
20,10,Co-PPSO,26,488.82147,1000000.0,False
20,10,Co-PPSO,27,100.52146,1000000.0,False
20,10,Co-PPSO,28,100.45863,1000000.0,False
20,10,Co-PPSO,29,100.28908,1000000.0,False
20,10,Co-PPSO,30,100.30666,1000000.0,False
20,10,NLSOMACLP,1,0.250861456,1000000.0,False
20,10,NLSOMACLP,2,0.191604539,1000000.0,False
20,10,NLSOMACLP,3,0.24984081,1000000.0,False
20,10,NLSOMACLP,4,0.0706494309,1000000.0,False
20,10,NLSOMACLP,5,0.187524353,1000000.0,False
20,10,NLSOMACLP,6,0.343748389,1000000.0,False
20,10,NLSOMACLP,7,0.156174051,1000000.0,False
20,10,NLSOMACLP,8,0.249842496,1000000.0,False
20,10,NLSOMACLP,9,0.249858337,1000000.0,False
20,10,NLSOMACLP,10,0.223837479,1000000.0,False
20,10,NLSOMACLP,11,0.281080596,1000000.0,False
20,10,NLSOMACLP,12,0.218885976,1000000.0,False
20,10,NLSOMACLP,13,0.281859344,1000000.0,False
20,10,NLSOMACLP,14,0.249930291,1000000.0,False
20,10,NLSOMACLP,15,0.27917269,1000000.0,False
20,10,NLSOMACLP,16,0.220295892,1000000.0,False
20,10,NLSOMACLP,17,0.156144634,1000000.0,False
20,10,NLSOMACLP,18,0.125652653,1000000.0,False
20,10,NLSOMACLP,19,0.343517814,1000000.0,False
20,10,NLSOMACLP,20,0.20392066,1000000.0,False
20,10,NLSOMACLP,21,0.312311077,1000000.0,False
20,10,NLSOMACLP,22,0.156164532,1000000.0,False
20,10,NLSOMACLP,23,0.156144378,1000000.0,False
20,10,NLSOMACLP,24,0.0936940021,1000000.0,False
20,10,NLSOMACLP,25,0.156148151,1000000.0,False
20,10,NLSOMACLP,26,0.570347575,1000000.0,False
20,10,NLSOMACLP,27,0.15615039,1000000.0,False
20,10,NLSOMACLP,28,0.187413863,1000000.0,False
20,10,NLSOMACLP,29,0.187396359,1000000.0,False
20,10,NLSOMACLP,30,0.187380487,1000000.0,False
20,11,PDABC,1,1e-08,57763.0,True
20,11,PDABC,2,1e-08,59511.0,True
20,11,PDABC,3,1e-08,58734.0,True
20,11,PDABC,4,1e-08,56926.0,True
20,11,PDABC,5,1e-08,59148.0,True
20,11,PDABC,6,1e-08,55651.0,True
20,11,PDABC,7,1e-08,57199.0,True
20,11,PDABC,8,1e-08,60207.0,True
20,11,PDABC,9,1e-08,64378.0,True
20,11,PDABC,10,1e-08,57157.0,True
20,11,PDABC,11,1e-08,59607.0,True
20,11,PDABC,12,1e-08,57556.0,True
20,11,PDABC,13,1e-08,57572.0,True
20,11,PDABC,14,1e-08,58120.0,True
20,11,PDABC,15,1e-08,63126.0,True
20,11,PDABC,16,1e-08,61719.0,True
20,11,PDABC,17,1e-08,60580.0,True
20,11,PDABC,18,1e-08,60132.0,True
20,11,PDABC,19,1e-08,57647.0,True
20,11,PDABC,20,1e-08,58807.0,True
20,11,PDABC,21,1e-08,60382.0,True
20,11,PDABC,22,1e-08,55673.0,True
20,11,PDABC,23,1e-08,59788.0,True
20,11,PDABC,24,1e-08,58177.0,True
20,11,PDABC,25,1e-08,57406.0,True
20,11,PDABC,26,1e-08,58227.0,True
20,11,PDABC,27,1e-08,65504.0,True
20,11,PDABC,28,1e-08,58064.0,True
20,11,PDABC,29,1e-08,59601.0,True
20,11,PDABC,30,1e-08,57850.0,True
20,11,ABC,1,1e-08,131404.0,True
20,11,ABC,2,1e-08,308808.0,True
20,11,ABC,3,1e-08,145449.0,True
20,11,ABC,4,1e-08,102499.0,True
20,11,ABC,5,1e-08,112038.0,True
20,11,ABC,6,1e-08,120007.0,True
20,11,ABC,7,1e-08,154884.0,True
20,11,ABC,8,1e-08,146562.0,True
20,11,ABC,9,1e-08,167646.0,True
20,11,ABC,10,1e-08,128326.0,True
20,11,ABC,11,1e-08,117076.0,True
20,11,ABC,12,1e-08,116226.0,True
20,11,ABC,13,1e-08,161025.0,True
20,11,ABC,14,1e-08,102885.0,True
20,11,ABC,15,1e-08,113053.0,True
20,11,ABC,16,1e-08,110113.0,True
20,11,ABC,17,1e-08,116407.0,True
20,11,ABC,18,1e-08,114709.0,True
20,11,ABC,19,1e-08,113441.0,True
20,11,ABC,20,1e-08,113354.0,True
20,11,ABC,21,1e-08,182365.0,True
20,11,ABC,22,1e-08,115090.0,True
20,11,ABC,23,1e-08,120287.0,True
20,11,ABC,24,1e-08,115520.0,True
20,11,ABC,25,1e-08,125536.0,True
20,11,ABC,26,1e-08,119484.0,True
20,11,ABC,27,1e-08,238399.0,True
20,11,ABC,28,1e-08,149480.0,True
20,11,ABC,29,1e-08,119264.0,True
20,11,ABC,30,1e-08,124945.0,True
20,11,ZOCMAES,1,300.0,1000000.0,False
20,11,ZOCMAES,2,300.0,1000000.0,False
20,11,ZOCMAES,3,300.0,1000000.0,False
20,11,ZOCMAES,4,300.0,1000000.0,False
20,11,ZOCMAES,5,300.0,1000000.0,False
20,11,ZOCMAES,6,300.0,1000000.0,False
20,11,ZOCMAES,7,300.0,1000000.0,False
20,11,ZOCMAES,8,0.0,127638.0,True
20,11,ZOCMAES,9,300.0,1000000.0,False
20,11,ZOCMAES,10,300.0,1000000.0,False
20,11,ZOCMAES,11,300.0,1000000.0,False
20,11,ZOCMAES,12,300.0,1000000.0,False
20,11,ZOCMAES,13,300.0,1000000.0,False
20,11,ZOCMAES,14,300.0,1000000.0,False
20,11,ZOCMAES,15,300.0,1000000.0,False
20,11,ZOCMAES,16,400.0,1000000.0,False
20,11,ZOCMAES,17,300.0,1000000.0,False
20,11,ZOCMAES,18,300.0,1000000.0,False
20,11,ZOCMAES,19,300.0,1000000.0,False
20,11,ZOCMAES,20,300.0,1000000.0,False
20,11,ZOCMAES,21,300.0,1000000.0,False
20,11,ZOCMAES,22,300.0,1000000.0,False
20,11,ZOCMAES,23,300.0,1000000.0,False
20,11,ZOCMAES,24,400.0,1000000.0,False
20,11,ZOCMAES,25,300.0,1000000.0,False
20,11,ZOCMAES,26,300.0,1000000.0,False
20,11,ZOCMAES,27,300.0,1000000.0,False
20,11,ZOCMAES,28,300.0,1000000.0,False
20,11,ZOCMAES,29,300.0,1000000.0,False
20,11,ZOCMAES,30,300.0,1000000.0,False
20,11,EA4eigN100_10,1,300.0,1000000.0,False
20,11,EA4eigN100_10,2,300.0,1000000.0,False
20,11,EA4eigN100_10,3,300.0,1000000.0,False
20,11,EA4eigN100_10,4,300.0,1000000.0,False
20,11,EA4eigN100_10,5,300.0,1000000.0,False
20,11,EA4eigN100_10,6,300.0,1000000.0,False
20,11,EA4eigN100_10,7,300.0,1000000.0,False
20,11,EA4eigN100_10,8,300.0,1000000.0,False
20,11,EA4eigN100_10,9,300.0,1000000.0,False
20,11,EA4eigN100_10,10,300.0,1000000.0,False
20,11,EA4eigN100_10,11,300.0,1000000.0,False
20,11,EA4eigN100_10,12,300.0,1000000.0,False
20,11,EA4eigN100_10,13,300.0,1000000.0,False
20,11,EA4eigN100_10,14,300.0,1000000.0,False
20,11,EA4eigN100_10,15,300.0,1000000.0,False
20,11,EA4eigN100_10,16,300.0,1000000.0,False
20,11,EA4eigN100_10,17,300.0,1000000.0,False
20,11,EA4eigN100_10,18,300.0,1000000.0,False
20,11,EA4eigN100_10,19,300.0,1000000.0,False
20,11,EA4eigN100_10,20,300.0,1000000.0,False
20,11,EA4eigN100_10,21,300.0,1000000.0,False
20,11,EA4eigN100_10,22,300.0,1000000.0,False
20,11,EA4eigN100_10,23,300.0,1000000.0,False
20,11,EA4eigN100_10,24,400.0,1000000.0,False
20,11,EA4eigN100_10,25,400.0,1000000.0,False
20,11,EA4eigN100_10,26,400.0,1000000.0,False
20,11,EA4eigN100_10,27,400.0,1000000.0,False
20,11,EA4eigN100_10,28,400.0,1000000.0,False
20,11,EA4eigN100_10,29,400.0,1000000.0,False
20,11,EA4eigN100_10,30,400.0,1000000.0,False
20,11,NL-SHADE-LBC,1,400.0,1000000.0,False
20,11,NL-SHADE-LBC,2,300.0,1000000.0,False
20,11,NL-SHADE-LBC,3,300.0,1000000.0,False
20,11,NL-SHADE-LBC,4,300.0,1000000.0,False
20,11,NL-SHADE-LBC,5,300.0,1000000.0,False
20,11,NL-SHADE-LBC,6,300.0,1000000.0,False
20,11,NL-SHADE-LBC,7,300.0,1000000.0,False
20,11,NL-SHADE-LBC,8,300.0,1000000.0,False
20,11,NL-SHADE-LBC,9,300.0,1000000.0,False
20,11,NL-SHADE-LBC,10,300.0,1000000.0,False
20,11,NL-SHADE-LBC,11,300.0,1000000.0,False
20,11,NL-SHADE-LBC,12,300.0,1000000.0,False
20,11,NL-SHADE-LBC,13,300.0,1000000.0,False
20,11,NL-SHADE-LBC,14,300.0,1000000.0,False
20,11,NL-SHADE-LBC,15,300.0,1000000.0,False
20,11,NL-SHADE-LBC,16,300.0,1000000.0,False
20,11,NL-SHADE-LBC,17,300.0,1000000.0,False
20,11,NL-SHADE-LBC,18,300.0,1000000.0,False
20,11,NL-SHADE-LBC,19,300.0,1000000.0,False
20,11,NL-SHADE-LBC,20,300.0,1000000.0,False
20,11,NL-SHADE-LBC,21,300.0,1000000.0,False
20,11,NL-SHADE-LBC,22,300.0,1000000.0,False
20,11,NL-SHADE-LBC,23,300.0,1000000.0,False
20,11,NL-SHADE-LBC,24,300.0,1000000.0,False
20,11,NL-SHADE-LBC,25,300.0,1000000.0,False
20,11,NL-SHADE-LBC,26,300.0,1000000.0,False
20,11,NL-SHADE-LBC,27,300.0,1000000.0,False
20,11,NL-SHADE-LBC,28,300.0,1000000.0,False
20,11,NL-SHADE-LBC,29,300.0,1000000.0,False
20,11,NL-SHADE-LBC,30,300.0,1000000.0,False
20,11,S_LSHADE_DP,1,300.0,1000000.0,False
20,11,S_LSHADE_DP,2,0.0,343647.0,True
20,11,S_LSHADE_DP,3,0.0,532990.0,True
20,11,S_LSHADE_DP,4,0.0,431919.0,True
20,11,S_LSHADE_DP,5,0.0,537831.0,True
20,11,S_LSHADE_DP,6,0.0,432970.0,True
20,11,S_LSHADE_DP,7,0.0,503868.0,True
20,11,S_LSHADE_DP,8,0.0,540996.0,True
20,11,S_LSHADE_DP,9,0.0,475847.0,True
20,11,S_LSHADE_DP,10,0.0,559197.0,True
20,11,S_LSHADE_DP,11,0.0,540036.0,True
20,11,S_LSHADE_DP,12,0.0,552578.0,True
20,11,S_LSHADE_DP,13,0.0,382031.0,True
20,11,S_LSHADE_DP,14,0.0,544062.0,True
20,11,S_LSHADE_DP,15,0.0,535352.0,True
20,11,S_LSHADE_DP,16,0.0,542967.0,True
20,11,S_LSHADE_DP,17,0.0,553240.0,True
20,11,S_LSHADE_DP,18,300.0,1000000.0,False
20,11,S_LSHADE_DP,19,0.0,463169.0,True
20,11,S_LSHADE_DP,20,0.0,425606.0,True
20,11,S_LSHADE_DP,21,0.0,361385.0,True
20,11,S_LSHADE_DP,22,0.0,544979.0,True
20,11,S_LSHADE_DP,23,0.0,543051.0,True
20,11,S_LSHADE_DP,24,0.0,427317.0,True
20,11,S_LSHADE_DP,25,0.0,538305.0,True
20,11,S_LSHADE_DP,26,0.0,489414.0,True
20,11,S_LSHADE_DP,27,300.0,1000000.0,False
20,11,S_LSHADE_DP,28,0.0,465596.0,True
20,11,S_LSHADE_DP,29,0.0,472086.0,True
20,11,S_LSHADE_DP,30,0.0,531592.0,True
20,11,NL-SHADE-RSP-MID,1,0.0,431615.0,True
20,11,NL-SHADE-RSP-MID,2,300.0,1000000.0,False
20,11,NL-SHADE-RSP-MID,3,0.0,291224.0,True
20,11,NL-SHADE-RSP-MID,4,0.0,373036.0,True
20,11,NL-SHADE-RSP-MID,5,0.0,327418.0,True
20,11,NL-SHADE-RSP-MID,6,300.0,1000000.0,False
20,11,NL-SHADE-RSP-MID,7,0.0,383760.0,True
20,11,NL-SHADE-RSP-MID,8,300.0,1000000.0,False
20,11,NL-SHADE-RSP-MID,9,0.0,315503.0,True
20,11,NL-SHADE-RSP-MID,10,0.0,537364.0,True
20,11,NL-SHADE-RSP-MID,11,0.0,899135.0,True
20,11,NL-SHADE-RSP-MID,12,300.0,1000000.0,False
20,11,NL-SHADE-RSP-MID,13,300.0,1000000.0,False
20,11,NL-SHADE-RSP-MID,14,2.11176e-08,1000000.0,False
20,11,NL-SHADE-RSP-MID,15,300.0,1000000.0,False
20,11,NL-SHADE-RSP-MID,16,0.00560881,1000000.0,False
20,11,NL-SHADE-RSP-MID,17,0.0,306378.0,True
20,11,NL-SHADE-RSP-MID,18,300.0,1000000.0,False
20,11,NL-SHADE-RSP-MID,19,300.0,1000000.0,False
20,11,NL-SHADE-RSP-MID,20,2.2259e-08,1000000.0,False
20,11,NL-SHADE-RSP-MID,21,300.0,1000000.0,False
20,11,NL-SHADE-RSP-MID,22,300.0,1000000.0,False
20,11,NL-SHADE-RSP-MID,23,300.0,1000000.0,False
20,11,NL-SHADE-RSP-MID,24,0.0,625840.0,True
20,11,NL-SHADE-RSP-MID,25,0.0,250913.0,True
20,11,NL-SHADE-RSP-MID,26,300.0,1000000.0,False
20,11,NL-SHADE-RSP-MID,27,300.0,1000000.0,False
20,11,NL-SHADE-RSP-MID,28,300.0,1000000.0,False
20,11,NL-SHADE-RSP-MID,29,0.0,616390.0,True
20,11,NL-SHADE-RSP-MID,30,300.0,1000000.0,False
20,11,Co-PPSO,1,300.0,1000000.0,False
20,11,Co-PPSO,2,400.0,1000000.0,False
20,11,Co-PPSO,3,300.0,1000000.0,False
20,11,Co-PPSO,4,0.0,251189.0,True
20,11,Co-PPSO,5,400.0,1000000.0,False
20,11,Co-PPSO,6,300.0,1000000.0,False
20,11,Co-PPSO,7,300.0,1000000.0,False
20,11,Co-PPSO,8,300.0,1000000.0,False
20,11,Co-PPSO,9,300.0,1000000.0,False
20,11,Co-PPSO,10,300.0,1000000.0,False
20,11,Co-PPSO,11,300.0,1000000.0,False
20,11,Co-PPSO,12,400.0,1000000.0,False
20,11,Co-PPSO,13,300.0,1000000.0,False
20,11,Co-PPSO,14,300.0,1000000.0,False
20,11,Co-PPSO,15,300.0,1000000.0,False
20,11,Co-PPSO,16,400.0,1000000.0,False
20,11,Co-PPSO,17,300.0,1000000.0,False
20,11,Co-PPSO,18,0.0,251189.0,True
20,11,Co-PPSO,19,300.0,1000000.0,False
20,11,Co-PPSO,20,400.0,1000000.0,False
20,11,Co-PPSO,21,300.0,1000000.0,False
20,11,Co-PPSO,22,300.0,1000000.0,False
20,11,Co-PPSO,23,400.0,1000000.0,False
20,11,Co-PPSO,24,300.0,1000000.0,False
20,11,Co-PPSO,25,300.0,1000000.0,False
20,11,Co-PPSO,26,400.0,1000000.0,False
20,11,Co-PPSO,27,400.0,1000000.0,False
20,11,Co-PPSO,28,400.0,1000000.0,False
20,11,Co-PPSO,29,400.0,1000000.0,False
20,11,Co-PPSO,30,300.0,1000000.0,False
20,11,NLSOMACLP,1,0.0,763974.0,True
20,11,NLSOMACLP,2,0.0,804752.0,True
20,11,NLSOMACLP,3,0.0,480549.0,True
20,11,NLSOMACLP,4,1.14373506e-08,1000000.0,False
20,11,NLSOMACLP,5,0.0,552477.0,True
20,11,NLSOMACLP,6,0.0,830572.0,True
20,11,NLSOMACLP,7,0.0,817132.0,True
20,11,NLSOMACLP,8,0.0,812078.0,True
20,11,NLSOMACLP,9,0.0,766449.0,True
20,11,NLSOMACLP,10,0.0,740397.0,True
20,11,NLSOMACLP,11,0.0,797288.0,True
20,11,NLSOMACLP,12,0.0,846506.0,True
20,11,NLSOMACLP,13,0.0,810155.0,True
20,11,NLSOMACLP,14,0.0,759713.0,True
20,11,NLSOMACLP,15,0.0,774878.0,True
20,11,NLSOMACLP,16,0.0,853868.0,True
20,11,NLSOMACLP,17,0.0,827529.0,True
20,11,NLSOMACLP,18,0.0,530235.0,True
20,11,NLSOMACLP,19,0.0,774851.0,True
20,11,NLSOMACLP,20,0.0,733857.0,True
20,11,NLSOMACLP,21,2.57878128e-08,1000000.0,False
20,11,NLSOMACLP,22,0.0,543364.0,True
20,11,NLSOMACLP,23,0.0,684763.0,True
20,11,NLSOMACLP,24,4.16544026e-08,1000000.0,False
20,11,NLSOMACLP,25,0.0,804109.0,True
20,11,NLSOMACLP,26,0.0,796059.0,True
20,11,NLSOMACLP,27,5.06001925e-08,1000000.0,False
20,11,NLSOMACLP,28,0.0881282941,1000000.0,False
20,11,NLSOMACLP,29,10.0499223,1000000.0,False
20,11,NLSOMACLP,30,0.0,812085.0,True
20,12,PDABC,1,174.2294094144172,1000000.0,False
20,12,PDABC,2,178.22259499163147,1000000.0,False
20,12,PDABC,3,156.93211696193566,1000000.0,False
20,12,PDABC,4,193.93919019091254,1000000.0,False
20,12,PDABC,5,129.432920285582,1000000.0,False
20,12,PDABC,6,148.11949944335765,1000000.0,False
20,12,PDABC,7,162.97888724739005,1000000.0,False
20,12,PDABC,8,174.63293778983189,1000000.0,False
20,12,PDABC,9,132.1053796910469,1000000.0,False
20,12,PDABC,10,185.67036030553618,1000000.0,False
20,12,PDABC,11,111.39326049843112,1000000.0,False
20,12,PDABC,12,1e-08,907835.0,True
20,12,PDABC,13,129.2121824818878,1000000.0,False
20,12,PDABC,14,59.965818232859874,1000000.0,False
20,12,PDABC,15,189.69255478430705,1000000.0,False
20,12,PDABC,16,167.02235455452137,1000000.0,False
20,12,PDABC,17,99.01693380757206,1000000.0,False
20,12,PDABC,18,179.34596439951065,1000000.0,False
20,12,PDABC,19,165.81467544584984,1000000.0,False
20,12,PDABC,20,177.7360596138974,1000000.0,False
20,12,PDABC,21,153.0984064640561,1000000.0,False
20,12,PDABC,22,34.304523809946204,1000000.0,False
20,12,PDABC,23,185.47935892207306,1000000.0,False
20,12,PDABC,24,189.7602505660957,1000000.0,False
20,12,PDABC,25,126.57581794147427,1000000.0,False
20,12,PDABC,26,12.771409415980997,1000000.0,False
20,12,PDABC,27,79.63495508151118,1000000.0,False
20,12,PDABC,28,131.26254195396996,1000000.0,False
20,12,PDABC,29,1e-08,734983.0,True
20,12,PDABC,30,1e-08,876128.0,True
20,12,ABC,1,1e-08,184605.0,True
20,12,ABC,2,1e-08,28989.0,True
20,12,ABC,3,1e-08,14706.0,True
20,12,ABC,4,1e-08,82637.0,True
20,12,ABC,5,1e-08,58394.0,True
20,12,ABC,6,1e-08,19682.0,True
20,12,ABC,7,1e-08,35242.0,True
20,12,ABC,8,1e-08,22281.0,True
20,12,ABC,9,1e-08,51687.0,True
20,12,ABC,10,1e-08,31328.0,True
20,12,ABC,11,1e-08,29480.0,True
20,12,ABC,12,1e-08,18147.0,True
20,12,ABC,13,1e-08,10561.0,True
20,12,ABC,14,1e-08,26828.0,True
20,12,ABC,15,1e-08,279119.0,True
20,12,ABC,16,1e-08,173253.0,True
20,12,ABC,17,1e-08,116900.0,True
20,12,ABC,18,1e-08,77715.0,True
20,12,ABC,19,1e-08,36188.0,True
20,12,ABC,20,1e-08,119558.0,True
20,12,ABC,21,1e-08,187476.0,True
20,12,ABC,22,1e-08,36668.0,True
20,12,ABC,23,1e-08,43101.0,True
20,12,ABC,24,1e-08,20478.0,True
20,12,ABC,25,1e-08,147818.0,True
20,12,ABC,26,1e-08,28621.0,True
20,12,ABC,27,1e-08,18290.0,True
20,12,ABC,28,1e-08,31469.0,True
20,12,ABC,29,1e-08,14355.0,True
20,12,ABC,30,1e-08,19645.0,True
20,12,ZOCMAES,1,244.248411,1000000.0,False
20,12,ZOCMAES,2,268.341877,1000000.0,False
20,12,ZOCMAES,3,242.367657,1000000.0,False
20,12,ZOCMAES,4,247.622719,1000000.0,False
20,12,ZOCMAES,5,253.763454,1000000.0,False
20,12,ZOCMAES,6,250.048477,1000000.0,False
20,12,ZOCMAES,7,242.829201,1000000.0,False
20,12,ZOCMAES,8,234.27775,1000000.0,False
20,12,ZOCMAES,9,243.552377,1000000.0,False
20,12,ZOCMAES,10,256.3443,1000000.0,False
20,12,ZOCMAES,11,243.227497,1000000.0,False
20,12,ZOCMAES,12,250.796295,1000000.0,False
20,12,ZOCMAES,13,247.755379,1000000.0,False
20,12,ZOCMAES,14,246.127539,1000000.0,False
20,12,ZOCMAES,15,235.675961,1000000.0,False
20,12,ZOCMAES,16,236.496106,1000000.0,False
20,12,ZOCMAES,17,250.400408,1000000.0,False
20,12,ZOCMAES,18,249.682347,1000000.0,False
20,12,ZOCMAES,19,251.401598,1000000.0,False
20,12,ZOCMAES,20,283.211678,1000000.0,False
20,12,ZOCMAES,21,254.71547,1000000.0,False
20,12,ZOCMAES,22,244.270292,1000000.0,False
20,12,ZOCMAES,23,248.771066,1000000.0,False
20,12,ZOCMAES,24,260.364504,1000000.0,False
20,12,ZOCMAES,25,237.781028,1000000.0,False
20,12,ZOCMAES,26,240.16039,1000000.0,False
20,12,ZOCMAES,27,256.422724,1000000.0,False
20,12,ZOCMAES,28,239.894367,1000000.0,False
20,12,ZOCMAES,29,244.248412,1000000.0,False
20,12,ZOCMAES,30,246.386009,1000000.0,False
20,12,EA4eigN100_10,1,188.67483,1000000.0,False
20,12,EA4eigN100_10,2,200.00303,1000000.0,False
20,12,EA4eigN100_10,3,200.00357,1000000.0,False
20,12,EA4eigN100_10,4,200.00376,1000000.0,False
20,12,EA4eigN100_10,5,200.00377,1000000.0,False
20,12,EA4eigN100_10,6,200.00377,1000000.0,False
20,12,EA4eigN100_10,7,200.00378,1000000.0,False
20,12,EA4eigN100_10,8,200.00381,1000000.0,False
20,12,EA4eigN100_10,9,200.00383,1000000.0,False
20,12,EA4eigN100_10,10,200.00399,1000000.0,False
20,12,EA4eigN100_10,11,200.004,1000000.0,False
20,12,EA4eigN100_10,12,200.004,1000000.0,False
20,12,EA4eigN100_10,13,200.00402,1000000.0,False
20,12,EA4eigN100_10,14,200.00403,1000000.0,False
20,12,EA4eigN100_10,15,200.00403,1000000.0,False
20,12,EA4eigN100_10,16,200.00403,1000000.0,False
20,12,EA4eigN100_10,17,200.00405,1000000.0,False
20,12,EA4eigN100_10,18,200.00425,1000000.0,False
20,12,EA4eigN100_10,19,200.00425,1000000.0,False
20,12,EA4eigN100_10,20,200.00426,1000000.0,False
20,12,EA4eigN100_10,21,200.00426,1000000.0,False
20,12,EA4eigN100_10,22,200.00426,1000000.0,False
20,12,EA4eigN100_10,23,200.00426,1000000.0,False
20,12,EA4eigN100_10,24,200.00426,1000000.0,False
20,12,EA4eigN100_10,25,200.00426,1000000.0,False
20,12,EA4eigN100_10,26,200.00426,1000000.0,False
20,12,EA4eigN100_10,27,200.00426,1000000.0,False
20,12,EA4eigN100_10,28,200.00433,1000000.0,False
20,12,EA4eigN100_10,29,200.0045,1000000.0,False
20,12,EA4eigN100_10,30,200.0045,1000000.0,False
20,12,NL-SHADE-LBC,1,237.617,1000000.0,False
20,12,NL-SHADE-LBC,2,240.243,1000000.0,False
20,12,NL-SHADE-LBC,3,238.316,1000000.0,False
20,12,NL-SHADE-LBC,4,230.281,1000000.0,False
20,12,NL-SHADE-LBC,5,232.744,1000000.0,False
20,12,NL-SHADE-LBC,6,239.237,1000000.0,False
20,12,NL-SHADE-LBC,7,244.548,1000000.0,False
20,12,NL-SHADE-LBC,8,241.368,1000000.0,False
20,12,NL-SHADE-LBC,9,232.847,1000000.0,False
20,12,NL-SHADE-LBC,10,241.693,1000000.0,False
20,12,NL-SHADE-LBC,11,241.947,1000000.0,False
20,12,NL-SHADE-LBC,12,233.334,1000000.0,False
20,12,NL-SHADE-LBC,13,241.467,1000000.0,False
20,12,NL-SHADE-LBC,14,236.841,1000000.0,False
20,12,NL-SHADE-LBC,15,235.379,1000000.0,False
20,12,NL-SHADE-LBC,16,234.356,1000000.0,False
20,12,NL-SHADE-LBC,17,243.526,1000000.0,False
20,12,NL-SHADE-LBC,18,238.458,1000000.0,False
20,12,NL-SHADE-LBC,19,236.815,1000000.0,False
20,12,NL-SHADE-LBC,20,239.403,1000000.0,False
20,12,NL-SHADE-LBC,21,245.937,1000000.0,False
20,12,NL-SHADE-LBC,22,239.828,1000000.0,False
20,12,NL-SHADE-LBC,23,243.095,1000000.0,False
20,12,NL-SHADE-LBC,24,234.885,1000000.0,False
20,12,NL-SHADE-LBC,25,248.275,1000000.0,False
20,12,NL-SHADE-LBC,26,240.081,1000000.0,False
20,12,NL-SHADE-LBC,27,237.543,1000000.0,False
20,12,NL-SHADE-LBC,28,243.351,1000000.0,False
20,12,NL-SHADE-LBC,29,238.739,1000000.0,False
20,12,NL-SHADE-LBC,30,241.78,1000000.0,False
20,12,S_LSHADE_DP,1,234.6431,1000000.0,False
20,12,S_LSHADE_DP,2,231.9747,1000000.0,False
20,12,S_LSHADE_DP,3,233.5005,1000000.0,False
20,12,S_LSHADE_DP,4,232.6301,1000000.0,False
20,12,S_LSHADE_DP,5,236.17,1000000.0,False
20,12,S_LSHADE_DP,6,235.3916,1000000.0,False
20,12,S_LSHADE_DP,7,237.614,1000000.0,False
20,12,S_LSHADE_DP,8,232.0642,1000000.0,False
20,12,S_LSHADE_DP,9,231.7372,1000000.0,False
20,12,S_LSHADE_DP,10,233.387,1000000.0,False
20,12,S_LSHADE_DP,11,232.2515,1000000.0,False
20,12,S_LSHADE_DP,12,232.4577,1000000.0,False
20,12,S_LSHADE_DP,13,231.1697,1000000.0,False
20,12,S_LSHADE_DP,14,236.3159,1000000.0,False
20,12,S_LSHADE_DP,15,232.024,1000000.0,False
20,12,S_LSHADE_DP,16,232.8206,1000000.0,False
20,12,S_LSHADE_DP,17,231.848,1000000.0,False
20,12,S_LSHADE_DP,18,232.2911,1000000.0,False
20,12,S_LSHADE_DP,19,237.0724,1000000.0,False
20,12,S_LSHADE_DP,20,235.3178,1000000.0,False
20,12,S_LSHADE_DP,21,231.8067,1000000.0,False
20,12,S_LSHADE_DP,22,233.0996,1000000.0,False
20,12,S_LSHADE_DP,23,237.8952,1000000.0,False
20,12,S_LSHADE_DP,24,232.0079,1000000.0,False
20,12,S_LSHADE_DP,25,237.4544,1000000.0,False
20,12,S_LSHADE_DP,26,232.4396,1000000.0,False
20,12,S_LSHADE_DP,27,232.7968,1000000.0,False
20,12,S_LSHADE_DP,28,231.848,1000000.0,False
20,12,S_LSHADE_DP,29,235.9947,1000000.0,False
20,12,S_LSHADE_DP,30,235.754,1000000.0,False
20,12,NL-SHADE-RSP-MID,1,243.646,1000000.0,False
20,12,NL-SHADE-RSP-MID,2,245.992,1000000.0,False
20,12,NL-SHADE-RSP-MID,3,247.564,1000000.0,False
20,12,NL-SHADE-RSP-MID,4,249.741,1000000.0,False
20,12,NL-SHADE-RSP-MID,5,238.152,1000000.0,False
20,12,NL-SHADE-RSP-MID,6,242.991,1000000.0,False
20,12,NL-SHADE-RSP-MID,7,251.656,1000000.0,False
20,12,NL-SHADE-RSP-MID,8,246.721,1000000.0,False
20,12,NL-SHADE-RSP-MID,9,245.505,1000000.0,False
20,12,NL-SHADE-RSP-MID,10,233.518,1000000.0,False
20,12,NL-SHADE-RSP-MID,11,240.571,1000000.0,False
20,12,NL-SHADE-RSP-MID,12,249.918,1000000.0,False
20,12,NL-SHADE-RSP-MID,13,239.596,1000000.0,False
20,12,NL-SHADE-RSP-MID,14,242.152,1000000.0,False
20,12,NL-SHADE-RSP-MID,15,238.748,1000000.0,False
20,12,NL-SHADE-RSP-MID,16,241.511,1000000.0,False
20,12,NL-SHADE-RSP-MID,17,241.249,1000000.0,False
20,12,NL-SHADE-RSP-MID,18,237.975,1000000.0,False
20,12,NL-SHADE-RSP-MID,19,243.243,1000000.0,False
20,12,NL-SHADE-RSP-MID,20,242.508,1000000.0,False
20,12,NL-SHADE-RSP-MID,21,243.64,1000000.0,False
20,12,NL-SHADE-RSP-MID,22,244.684,1000000.0,False
20,12,NL-SHADE-RSP-MID,23,247.91,1000000.0,False
20,12,NL-SHADE-RSP-MID,24,242.066,1000000.0,False
20,12,NL-SHADE-RSP-MID,25,243.376,1000000.0,False
20,12,NL-SHADE-RSP-MID,26,239.692,1000000.0,False
20,12,NL-SHADE-RSP-MID,27,239.714,1000000.0,False
20,12,NL-SHADE-RSP-MID,28,245.193,1000000.0,False
20,12,NL-SHADE-RSP-MID,29,243.668,1000000.0,False
20,12,NL-SHADE-RSP-MID,30,246.333,1000000.0,False
20,12,Co-PPSO,1,197.70823,1000000.0,False
20,12,Co-PPSO,2,196.21038,1000000.0,False
20,12,Co-PPSO,3,198.14039,1000000.0,False
20,12,Co-PPSO,4,196.33976,1000000.0,False
20,12,Co-PPSO,5,196.35318,1000000.0,False
20,12,Co-PPSO,6,195.76026,1000000.0,False
20,12,Co-PPSO,7,196.683,1000000.0,False
20,12,Co-PPSO,8,197.82457,1000000.0,False
20,12,Co-PPSO,9,195.10072,1000000.0,False
20,12,Co-PPSO,10,195.62797,1000000.0,False
20,12,Co-PPSO,11,198.03083,1000000.0,False
20,12,Co-PPSO,12,195.92373,1000000.0,False
20,12,Co-PPSO,13,195.24367,1000000.0,False
20,12,Co-PPSO,14,196.11827,1000000.0,False
20,12,Co-PPSO,15,196.66035,1000000.0,False
20,12,Co-PPSO,16,195.91822,1000000.0,False
20,12,Co-PPSO,17,195.98641,1000000.0,False
20,12,Co-PPSO,18,194.90473,1000000.0,False
20,12,Co-PPSO,19,195.92255,1000000.0,False
20,12,Co-PPSO,20,196.88619,1000000.0,False
20,12,Co-PPSO,21,195.15808,1000000.0,False
20,12,Co-PPSO,22,196.79927,1000000.0,False
20,12,Co-PPSO,23,195.22018,1000000.0,False
20,12,Co-PPSO,24,196.41321,1000000.0,False
20,12,Co-PPSO,25,196.07219,1000000.0,False
20,12,Co-PPSO,26,198.66208,1000000.0,False
20,12,Co-PPSO,27,196.57803,1000000.0,False
20,12,Co-PPSO,28,196.7025,1000000.0,False
20,12,Co-PPSO,29,194.52875,1000000.0,False
20,12,Co-PPSO,30,195.75735,1000000.0,False
20,12,NLSOMACLP,1,239.110382,1000000.0,False
20,12,NLSOMACLP,2,231.169738,1000000.0,False
20,12,NLSOMACLP,3,233.075976,1000000.0,False
20,12,NLSOMACLP,4,239.490062,1000000.0,False
20,12,NLSOMACLP,5,235.624917,1000000.0,False
20,12,NLSOMACLP,6,241.049194,1000000.0,False
20,12,NLSOMACLP,7,238.18913,1000000.0,False
20,12,NLSOMACLP,8,238.482561,1000000.0,False
20,12,NLSOMACLP,9,236.194468,1000000.0,False
20,12,NLSOMACLP,10,242.87803,1000000.0,False
20,12,NLSOMACLP,11,233.930863,1000000.0,False
20,12,NLSOMACLP,12,235.589349,1000000.0,False
20,12,NLSOMACLP,13,235.670576,1000000.0,False
20,12,NLSOMACLP,14,236.495267,1000000.0,False
20,12,NLSOMACLP,15,235.94791,1000000.0,False
20,12,NLSOMACLP,16,241.41971,1000000.0,False
20,12,NLSOMACLP,17,237.210248,1000000.0,False
20,12,NLSOMACLP,18,232.796667,1000000.0,False
20,12,NLSOMACLP,19,241.658976,1000000.0,False
20,12,NLSOMACLP,20,237.006828,1000000.0,False
20,12,NLSOMACLP,21,235.125944,1000000.0,False
20,12,NLSOMACLP,22,235.36647,1000000.0,False
20,12,NLSOMACLP,23,232.152315,1000000.0,False
20,12,NLSOMACLP,24,231.199837,1000000.0,False
20,12,NLSOMACLP,25,234.758175,1000000.0,False
20,12,NLSOMACLP,26,237.814322,1000000.0,False
20,12,NLSOMACLP,27,234.553385,1000000.0,False
20,12,NLSOMACLP,28,238.348297,1000000.0,False
20,12,NLSOMACLP,29,232.260315,1000000.0,False
20,12,NLSOMACLP,30,236.982966,1000000.0,False
